Price;Mileage;Make;Model;Trim;Type;Cylinder;Liter;Doors;Cruise;Sound;Leather;Preco;Quilom
17314,10313;8221;Buick;Century;Sedan 4D;Sedan;6;3,1;4;1;1;1;40513,27;5108
17542,03608;9135;Buick;Century;Sedan 4D;Sedan;6;3,1;4;1;1;0;41046,61;5676
16218,84786;13196;Buick;Century;Sedan 4D;Sedan;6;3,1;4;1;1;0;37950,48;8200
16336,91314;16342;Buick;Century;Sedan 4D;Sedan;6;3,1;4;1;0;0;38226,74;10154
16339,17032;19832;Buick;Century;Sedan 4D;Sedan;6;3,1;4;1;0;1;38232,02;12323
15709,05282;22236;Buick;Century;Sedan 4D;Sedan;6;3,1;4;1;1;0;36757,61;13817
15230,00339;22576;Buick;Century;Sedan 4D;Sedan;6;3,1;4;1;1;0;35636,68;14028
15048,04218;22964;Buick;Century;Sedan 4D;Sedan;6;3,1;4;1;1;0;35210,91;14269
14862,09387;24021;Buick;Century;Sedan 4D;Sedan;6;3,1;4;1;0;1;34775,81;14926
15295,01827;27325;Buick;Century;Sedan 4D;Sedan;6;3,1;4;1;1;1;35788,81;16979
21335,85248;10237;Buick;Lacrosse;CX Sedan 4D;Sedan;6;3,6;4;1;0;0;49923,76;6361
20538,08751;15066;Buick;Lacrosse;CX Sedan 4D;Sedan;6;3,6;4;1;1;0;48057,07;9362
20512,09409;16633;Buick;Lacrosse;CX Sedan 4D;Sedan;6;3,6;4;1;1;0;47996,25;10335
19924,15905;19800;Buick;Lacrosse;CX Sedan 4D;Sedan;6;3,6;4;1;1;1;46620,54;12303
19774,24907;23359;Buick;Lacrosse;CX Sedan 4D;Sedan;6;3,6;4;1;1;1;46269,77;14515
19344,16554;23765;Buick;Lacrosse;CX Sedan 4D;Sedan;6;3,6;4;1;1;0;45263,41;14767
19105,13012;24008;Buick;Lacrosse;CX Sedan 4D;Sedan;6;3,6;4;1;0;0;44704,09;14918
18543,42705;26034;Buick;Lacrosse;CX Sedan 4D;Sedan;6;3,6;4;1;1;1;43389,76;16177
17808,199;32896;Buick;Lacrosse;CX Sedan 4D;Sedan;6;3,6;4;1;1;0;41669,40;20441
17968,83828;34665;Buick;Lacrosse;CX Sedan 4D;Sedan;6;3,6;4;1;1;1;42045,28;21540
22358,87768;8970;Buick;Lacrosse;CXL Sedan 4D;Sedan;6;3,6;4;1;1;0;52317,54;5574
23785,92253;10577;Buick;Lacrosse;CXL Sedan 4D;Sedan;6;3,6;4;1;1;1;55656,68;6572
22926,09037;14363;Buick;Lacrosse;CXL Sedan 4D;Sedan;6;3,6;4;1;1;1;53644,76;8925
21895,75878;16508;Buick;Lacrosse;CXL Sedan 4D;Sedan;6;3,6;4;1;0;1;51233,89;10258
21273,06171;18908;Buick;Lacrosse;CXL Sedan 4D;Sedan;6;3,6;4;1;0;0;49776,84;11749
21460,01395;19467;Buick;Lacrosse;CXL Sedan 4D;Sedan;6;3,6;4;1;0;1;50214,29;12096
21183,12359;21394;Buick;Lacrosse;CXL Sedan 4D;Sedan;6;3,6;4;1;0;0;49566,39;13294
20406,0995;22596;Buick;Lacrosse;CXL Sedan 4D;Sedan;6;3,6;4;1;0;0;47748,23;14041
21058,13958;24469;Buick;Lacrosse;CXL Sedan 4D;Sedan;6;3,6;4;1;1;1;49273,94;15204
19556,89932;25245;Buick;Lacrosse;CXL Sedan 4D;Sedan;6;3,6;4;1;0;0;45761,19;15687
23447,68656;15755;Buick;Lacrosse;CXS Sedan 4D;Sedan;6;3,8;4;1;1;0;54865,24;9790
23547,23944;16235;Buick;Lacrosse;CXS Sedan 4D;Sedan;6;3,8;4;1;1;0;55098,19;10088
23016,00801;18147;Buick;Lacrosse;CXS Sedan 4D;Sedan;6;3,8;4;1;1;1;53855,16;11276
22230,0275;22102;Buick;Lacrosse;CXS Sedan 4D;Sedan;6;3,8;4;1;0;1;52016,04;13734
22625,07357;23612;Buick;Lacrosse;CXS Sedan 4D;Sedan;6;3,8;4;1;0;1;52940,41;14672
21799,1721;24439;Buick;Lacrosse;CXS Sedan 4D;Sedan;6;3,8;4;1;0;0;51007,88;15186
21341,25721;25212;Buick;Lacrosse;CXS Sedan 4D;Sedan;6;3,8;4;1;1;1;49936,41;15666
21683,03146;26779;Buick;Lacrosse;CXS Sedan 4D;Sedan;6;3,8;4;1;1;0;50736,13;16640
20986,01602;27096;Buick;Lacrosse;CXS Sedan 4D;Sedan;6;3,8;4;1;0;0;49105,18;16837
20902,10379;29649;Buick;Lacrosse;CXS Sedan 4D;Sedan;6;3,8;4;1;1;1;48908,83;18423
20698,07708;2992;Buick;Lesabre;Custom Sedan 4D;Sedan;6;3,8;4;1;0;1;48431,43;1859
20099,25684;10036;Buick;Lesabre;Custom Sedan 4D;Sedan;6;3,8;4;1;1;1;47030,25;6236
18145,12649;18339;Buick;Lesabre;Custom Sedan 4D;Sedan;6;3,8;4;1;1;0;42457,78;11395
17944,85692;19592;Buick;Lesabre;Custom Sedan 4D;Sedan;6;3,8;4;1;0;0;41989,17;12174
19027,86231;21797;Buick;Lesabre;Custom Sedan 4D;Sedan;6;3,8;4;1;0;1;44523,30;13544
18348,89857;23852;Buick;Lesabre;Custom Sedan 4D;Sedan;6;3,8;4;1;1;0;42934,59;14821
17750,88457;25040;Buick;Lesabre;Custom Sedan 4D;Sedan;6;3,8;4;1;1;0;41535,29;15559
17772,96968;25052;Buick;Lesabre;Custom Sedan 4D;Sedan;6;3,8;4;1;1;0;41586,97;15567
17394,0214;25464;Buick;Lesabre;Custom Sedan 4D;Sedan;6;3,8;4;1;1;0;40700,27;15823
17645,74504;27830;Buick;Lesabre;Custom Sedan 4D;Sedan;6;3,8;4;1;1;1;41289,28;17293
21908,36662;17353;Buick;Lesabre;Limited Sedan 4D;Sedan;6;3,8;4;1;0;0;51263,39;10783
21956,34266;17787;Buick;Lesabre;Limited Sedan 4D;Sedan;6;3,8;4;1;1;0;51375,65;11052
21646,11692;19562;Buick;Lesabre;Limited Sedan 4D;Sedan;6;3,8;4;1;1;1;50649,75;12155
21575,45683;20137;Buick;Lesabre;Limited Sedan 4D;Sedan;6;3,8;4;1;1;0;50484,41;12513
20952,2178;20158;Buick;Lesabre;Limited Sedan 4D;Sedan;6;3,8;4;1;1;0;49026,09;12526
21562,04758;23767;Buick;Lesabre;Limited Sedan 4D;Sedan;6;3,8;4;1;0;1;50453,04;14768
19981,12791;24323;Buick;Lesabre;Limited Sedan 4D;Sedan;6;3,8;4;1;1;0;46753,84;15114
19425,84862;27839;Buick;Lesabre;Limited Sedan 4D;Sedan;6;3,8;4;1;1;0;45454,54;17298
19191,98962;29187;Buick;Lesabre;Limited Sedan 4D;Sedan;6;3,8;4;1;1;1;44907,34;18136
19641,7419;31324;Buick;Lesabre;Limited Sedan 4D;Sedan;6;3,8;4;1;1;1;45959,71;19464
25589,98315;2308;Buick;Park Avenue;Sedan 4D;Sedan;6;3,8;4;1;1;0;59878,00;1434
25098,62906;10014;Buick;Park Avenue;Sedan 4D;Sedan;6;3,8;4;1;1;0;58728,28;6222
23420,70695;18910;Buick;Park Avenue;Sedan 4D;Sedan;6;3,8;4;1;0;1;54802,11;11750
22661,04849;20105;Buick;Park Avenue;Sedan 4D;Sedan;6;3,8;4;1;0;0;53024,59;12493
23493,0823;20453;Buick;Park Avenue;Sedan 4D;Sedan;6;3,8;4;1;1;0;54971,46;12709
22435,20282;22287;Buick;Park Avenue;Sedan 4D;Sedan;6;3,8;4;1;1;1;52496,13;13849
21878,12;23237;Buick;Park Avenue;Sedan 4D;Sedan;6;3,8;4;1;1;0;51192,61;14439
23077,56591;23798;Buick;Park Avenue;Sedan 4D;Sedan;6;3,8;4;1;0;1;53999,20;14787
21698,01475;25489;Buick;Park Avenue;Sedan 4D;Sedan;6;3,8;4;1;1;1;50771,18;15838
21831,82292;25564;Buick;Park Avenue;Sedan 4D;Sedan;6;3,8;4;1;1;1;51084,28;15885
26831,19404;4695;Buick;Park Avenue;Special Ed Ultra 4D;Sedan;6;3,8;4;1;1;0;62782,31;2917
26060,33535;9795;Buick;Park Avenue;Special Ed Ultra 4D;Sedan;6;3,8;4;1;1;0;60978,58;6086
26781,81465;12052;Buick;Park Avenue;Special Ed Ultra 4D;Sedan;6;3,8;4;1;1;0;62666,77;7489
26302,07428;13050;Buick;Park Avenue;Special Ed Ultra 4D;Sedan;6;3,8;4;1;1;0;61544,22;8109
26190,27147;17335;Buick;Park Avenue;Special Ed Ultra 4D;Sedan;6;3,8;4;1;0;1;61282,62;10771
25508,21096;17480;Buick;Park Avenue;Special Ed Ultra 4D;Sedan;6;3,8;4;1;1;0;59686,66;10862
23348,01695;24027;Buick;Park Avenue;Special Ed Ultra 4D;Sedan;6;3,8;4;1;0;1;54632,02;14930
23406,68982;25387;Buick;Park Avenue;Special Ed Ultra 4D;Sedan;6;3,8;4;1;0;1;54769,31;15775
23159,54378;25869;Buick;Park Avenue;Special Ed Ultra 4D;Sedan;6;3,8;4;1;0;0;54191,02;16074
21536,74173;37128;Buick;Park Avenue;Special Ed Ultra 4D;Sedan;6;3,8;4;1;1;1;50393,82;23070
51154,04722;2202;Cadillac;CST-V;Sedan 4D;Sedan;8;5,7;4;1;1;1;119695,36;1368
49248,15897;6685;Cadillac;CST-V;Sedan 4D;Sedan;8;5,7;4;1;0;1;115235,77;4154
46747,67327;15343;Cadillac;CST-V;Sedan 4D;Sedan;8;5,7;4;1;1;1;109384,88;9534
44130,61706;21341;Cadillac;CST-V;Sedan 4D;Sedan;8;5,7;4;1;0;1;103261,23;13261
44084,91421;21367;Cadillac;CST-V;Sedan 4D;Sedan;8;5,7;4;1;1;1;103154,29;13277
43892,46788;23371;Cadillac;CST-V;Sedan 4D;Sedan;8;5,7;4;1;0;1;102703,99;14522
44300,63996;23751;Cadillac;CST-V;Sedan 4D;Sedan;8;5,7;4;1;0;1;103659,07;14758
42677,60112;24052;Cadillac;CST-V;Sedan 4D;Sedan;8;5,7;4;1;0;1;99861,32;14945
43374,05242;25199;Cadillac;CST-V;Sedan 4D;Sedan;8;5,7;4;1;1;1;101490,95;15658
40619,07227;30082;Cadillac;CST-V;Sedan 4D;Sedan;8;5,7;4;1;1;1;95044,57;18692
33417,96501;6598;Cadillac;CTS;Sedan 4D;Sedan;6;2,8;4;1;1;1;78194,70;4100
30957,08075;10625;Cadillac;CTS;Sedan 4D;Sedan;6;2,8;4;1;1;1;72436,47;6602
31431,13037;11013;Cadillac;CTS;Sedan 4D;Sedan;6;2,8;4;1;1;1;73545,70;6843
30781,51563;14937;Cadillac;CTS;Sedan 4D;Sedan;6;2,8;4;1;1;1;72025,67;9281
30646,4377;17094;Cadillac;CTS;Sedan 4D;Sedan;6;2,8;4;1;1;1;71709,60;10622
30792,14903;17870;Cadillac;CTS;Sedan 4D;Sedan;6;2,8;4;1;1;1;72050,55;11104
30392,75016;18449;Cadillac;CTS;Sedan 4D;Sedan;6;2,8;4;1;1;1;71116,00;11464
28817,08185;21039;Cadillac;CTS;Sedan 4D;Sedan;6;2,8;4;1;0;1;67429,09;13073
29275,20871;21056;Cadillac;CTS;Sedan 4D;Sedan;6;2,8;4;1;1;1;68501,06;13084
28040,12853;27484;Cadillac;CTS;Sedan 4D;Sedan;6;2,8;4;1;1;1;65611,10;17078
39801,55135;14095;Cadillac;Deville;DHS Sedan 4D;Sedan;8;4,6;4;1;0;1;93131,65;8758
40335,73731;14743;Cadillac;Deville;DHS Sedan 4D;Sedan;8;4,6;4;1;0;1;94381,59;9161
39307,00916;16041;Cadillac;Deville;DHS Sedan 4D;Sedan;8;4,6;4;1;0;1;91974,47;9967
38600,23956;17138;Cadillac;Deville;DHS Sedan 4D;Sedan;8;4,6;4;1;0;1;90320,70;10649
38445,89717;18661;Cadillac;Deville;DHS Sedan 4D;Sedan;8;4,6;4;1;0;1;89959,55;11595
36077,79612;21966;Cadillac;Deville;DHS Sedan 4D;Sedan;8;4,6;4;1;0;1;84418,44;13649
35866,58271;24415;Cadillac;Deville;DHS Sedan 4D;Sedan;8;4,6;4;1;1;1;83924,22;15171
35338,65369;25163;Cadillac;Deville;DHS Sedan 4D;Sedan;8;4,6;4;1;0;1;82688,92;15636
36154,30355;25339;Cadillac;Deville;DHS Sedan 4D;Sedan;8;4,6;4;1;1;1;84597,45;15745
34685,66298;25421;Cadillac;Deville;DHS Sedan 4D;Sedan;8;4,6;4;1;0;1;81160,98;15796
42820,32902;5499;Cadillac;Deville;DTS Sedan 4D;Sedan;8;4,6;4;1;0;1;100195,29;3417
41378,04809;8125;Cadillac;Deville;DTS Sedan 4D;Sedan;8;4,6;4;1;0;1;96820,49;5049
40856,3909;12791;Cadillac;Deville;DTS Sedan 4D;Sedan;8;4,6;4;1;1;1;95599,87;7948
41419,03726;14452;Cadillac;Deville;DTS Sedan 4D;Sedan;8;4,6;4;1;0;1;96916,41;8980
37510,25357;21593;Cadillac;Deville;DTS Sedan 4D;Sedan;8;4,6;4;1;0;1;87770,24;13417
37215,16938;22211;Cadillac;Deville;DTS Sedan 4D;Sedan;8;4,6;4;1;0;1;87079,77;13801
36332,89469;25153;Cadillac;Deville;DTS Sedan 4D;Sedan;8;4,6;4;1;0;1;85015,34;15629
36245,15823;26250;Cadillac;Deville;DTS Sedan 4D;Sedan;8;4,6;4;1;1;1;84810,05;16311
32954,14134;36074;Cadillac;Deville;DTS Sedan 4D;Sedan;8;4,6;4;1;0;1;77109,40;22415
32537,18675;41829;Cadillac;Deville;DTS Sedan 4D;Sedan;8;4,6;4;1;1;1;76133,76;25991
35715,76856;6447;Cadillac;Deville;Sedan 4D;Sedan;8;4,6;4;1;0;1;83571,33;4006
35651,68002;10555;Cadillac;Deville;Sedan 4D;Sedan;8;4,6;4;1;1;1;83421,37;6559
35129,34077;11975;Cadillac;Deville;Sedan 4D;Sedan;8;4,6;4;1;1;1;82199,14;7441
35165,75937;13449;Cadillac;Deville;Sedan 4D;Sedan;8;4,6;4;1;1;1;82284,36;8357
32501,24519;17508;Cadillac;Deville;Sedan 4D;Sedan;8;4,6;4;1;0;1;76049,66;10879
33220,02845;18661;Cadillac;Deville;Sedan 4D;Sedan;8;4,6;4;1;0;1;77731,54;11595
32509,47829;20910;Cadillac;Deville;Sedan 4D;Sedan;8;4,6;4;1;0;1;76068,93;12993
31132,21349;23124;Cadillac;Deville;Sedan 4D;Sedan;8;4,6;4;1;1;1;72846,27;14369
31181,71516;26222;Cadillac;Deville;Sedan 4D;Sedan;8;4,6;4;1;0;1;72962,10;16294
31059,18103;27544;Cadillac;Deville;Sedan 4D;Sedan;8;4,6;4;1;1;1;72675,38;17115
42741,52367;2846;Cadillac;STS-V6;Sedan 4D;Sedan;6;3,6;4;1;0;1;100010,89;1768
40966,60741;7476;Cadillac;STS-V6;Sedan 4D;Sedan;6;3,6;4;1;1;1;95857,76;4645
38795,37909;13973;Cadillac;STS-V6;Sedan 4D;Sedan;6;3,6;4;1;1;1;90777,31;8682
38297,46254;16754;Cadillac;STS-V6;Sedan 4D;Sedan;6;3,6;4;1;0;1;89612,23;10410
37192,89637;19100;Cadillac;STS-V6;Sedan 4D;Sedan;6;3,6;4;1;0;1;87027,66;11868
36210,123;21778;Cadillac;STS-V6;Sedan 4D;Sedan;6;3,6;4;1;0;1;84728,07;13532
36633,63382;22042;Cadillac;STS-V6;Sedan 4D;Sedan;6;3,6;4;1;1;1;85719,04;13696
35895,49941;23056;Cadillac;STS-V6;Sedan 4D;Sedan;6;3,6;4;1;1;1;83991,88;14326
34974,37804;25796;Cadillac;STS-V6;Sedan 4D;Sedan;6;3,6;4;1;1;1;81836,55;16029
32038,33956;35326;Cadillac;STS-V6;Sedan 4D;Sedan;6;3,6;4;1;1;1;74966,51;21951
48310,32954;788;Cadillac;STS-V8;Sedan 4D;Sedan;8;4,6;4;1;0;1;113041,34;490
48365,9809;2616;Cadillac;STS-V8;Sedan 4D;Sedan;8;4,6;4;1;1;1;113171,56;1626
45061,95194;13829;Cadillac;STS-V8;Sedan 4D;Sedan;8;4,6;4;1;1;1;105440,46;8593
44205,87588;15104;Cadillac;STS-V8;Sedan 4D;Sedan;8;4,6;4;1;0;1;103437,33;9385
42377,95544;18581;Cadillac;STS-V8;Sedan 4D;Sedan;8;4,6;4;1;0;1;99160,18;11546
41671,58314;20575;Cadillac;STS-V8;Sedan 4D;Sedan;8;4,6;4;1;0;1;97507,34;12785
41516,42986;23861;Cadillac;STS-V8;Sedan 4D;Sedan;8;4,6;4;1;1;1;97144,29;14827
41053,48217;25717;Cadillac;STS-V8;Sedan 4D;Sedan;8;4,6;4;1;1;1;96061,04;15980
38208,50102;31303;Cadillac;STS-V8;Sedan 4D;Sedan;8;4,6;4;1;1;1;89404,07;19451
39072,39205;31587;Cadillac;STS-V8;Sedan 4D;Sedan;8;4,6;4;1;0;1;91425,49;19627
70755,46672;583;Cadillac;XLR-V8;Hardtop Conv 2D;Convertible;8;4,6;2;1;1;1;165560,72;362
68566,18719;6420;Cadillac;XLR-V8;Hardtop Conv 2D;Convertible;8;4,6;2;1;1;1;160438,02;3989
69133,73172;7892;Cadillac;XLR-V8;Hardtop Conv 2D;Convertible;8;4,6;2;1;1;1;161766,02;4904
66374,30704;12021;Cadillac;XLR-V8;Hardtop Conv 2D;Convertible;8;4,6;2;1;1;1;155309,24;7470
65281,48124;15600;Cadillac;XLR-V8;Hardtop Conv 2D;Convertible;8;4,6;2;1;1;1;152752,14;9693
63913,11725;18200;Cadillac;XLR-V8;Hardtop Conv 2D;Convertible;8;4,6;2;1;1;1;149550,30;11309
60567,54909;23193;Cadillac;XLR-V8;Hardtop Conv 2D;Convertible;8;4,6;2;1;1;1;141722,01;14411
57154,44344;29260;Cadillac;XLR-V8;Hardtop Conv 2D;Convertible;8;4,6;2;1;1;1;133735,68;18181
55639,08765;31805;Cadillac;XLR-V8;Hardtop Conv 2D;Convertible;8;4,6;2;1;0;1;130189,90;19763
52001,99438;42691;Cadillac;XLR-V8;Hardtop Conv 2D;Convertible;8;4,6;2;1;1;1;121679,47;26527
12146,18803;10011;Chevrolet;AVEO;LS Hatchback 4D;Hatchback;4;1,6;4;0;0;1;28420,87;6221
12163,82042;12101;Chevrolet;AVEO;LS Hatchback 4D;Hatchback;4;1,6;4;0;0;1;28462,12;7519
11472,02276;19699;Chevrolet;AVEO;LS Hatchback 4D;Hatchback;4;1,6;4;0;0;1;26843,39;12240
11017,16871;20100;Chevrolet;AVEO;LS Hatchback 4D;Hatchback;4;1,6;4;0;1;0;25779,07;12490
11096,85727;20334;Chevrolet;AVEO;LS Hatchback 4D;Hatchback;4;1,6;4;1;0;0;25965,54;12635
10386,04022;22225;Chevrolet;AVEO;LS Hatchback 4D;Hatchback;4;1,6;4;0;0;0;24302,30;13810
11137,04565;22484;Chevrolet;AVEO;LS Hatchback 4D;Hatchback;4;1,6;4;0;1;1;26059,57;13971
11045,10884;24568;Chevrolet;AVEO;LS Hatchback 4D;Hatchback;4;1,6;4;1;0;1;25844,45;15266
10777,05254;27906;Chevrolet;AVEO;LS Hatchback 4D;Hatchback;4;1,6;4;0;0;0;25217,23;17340
9928,188175;29680;Chevrolet;AVEO;LS Hatchback 4D;Hatchback;4;1,6;4;0;0;1;23230,97;18442
12649,11089;3629;Chevrolet;AVEO;LS Sedan 4D;Sedan;4;1,6;4;0;1;0;29597,65;2255
12314,59122;4142;Chevrolet;AVEO;LS Sedan 4D;Sedan;4;1,6;4;0;1;0;28814,91;2574
11318,00809;11156;Chevrolet;AVEO;LS Sedan 4D;Sedan;4;1,6;4;0;1;1;26483,01;6932
12409,94909;11981;Chevrolet;AVEO;LS Sedan 4D;Sedan;4;1,6;4;1;1;1;29038,04;7445
11555,2674;13404;Chevrolet;AVEO;LS Sedan 4D;Sedan;4;1,6;4;1;1;0;27038,17;8329
11700,11149;15253;Chevrolet;AVEO;LS Sedan 4D;Sedan;4;1,6;4;1;0;0;27377,09;9478
11215,01865;19945;Chevrolet;AVEO;LS Sedan 4D;Sedan;4;1,6;4;0;0;0;26242,02;12393
10144,95208;23963;Chevrolet;AVEO;LS Sedan 4D;Sedan;4;1,6;4;1;1;0;23738,17;14890
10491,0752;30948;Chevrolet;AVEO;LS Sedan 4D;Sedan;4;1,6;4;0;1;0;24548,07;19230
9954,054174;37345;Chevrolet;AVEO;LS Sedan 4D;Sedan;4;1,6;4;0;1;1;23291,49;23205
11031,12993;20156;Chevrolet;AVEO;LT Hatchback 4D;Hatchback;4;1,6;4;0;1;1;25811,74;12524
11343,05401;20186;Chevrolet;AVEO;LT Hatchback 4D;Hatchback;4;1,6;4;1;1;1;26541,61;12543
11391,21372;21421;Chevrolet;AVEO;LT Hatchback 4D;Hatchback;4;1,6;4;0;1;1;26654,30;13310
11247,86253;21427;Chevrolet;AVEO;LT Hatchback 4D;Hatchback;4;1,6;4;1;1;1;26318,87;13314
10921,94537;23119;Chevrolet;AVEO;LT Hatchback 4D;Hatchback;4;1,6;4;0;1;1;25556,26;14366
11179,95357;23121;Chevrolet;AVEO;LT Hatchback 4D;Hatchback;4;1,6;4;0;1;1;26159,97;14367
11394,8864;25107;Chevrolet;AVEO;LT Hatchback 4D;Hatchback;4;1,6;4;0;1;1;26662,89;15601
11070,06064;25476;Chevrolet;AVEO;LT Hatchback 4D;Hatchback;4;1,6;4;0;1;1;25902,83;15830
11013,87137;25746;Chevrolet;AVEO;LT Hatchback 4D;Hatchback;4;1,6;4;1;1;1;25771,36;15998
11115,01364;30056;Chevrolet;AVEO;LT Hatchback 4D;Hatchback;4;1,6;4;1;1;1;26008,02;18676
11918,45607;7278;Chevrolet;AVEO;LT Sedan 4D;Sedan;4;1,6;4;0;0;0;27888,00;4522
12408,80615;10213;Chevrolet;AVEO;LT Sedan 4D;Sedan;4;1,6;4;0;0;1;29035,37;6346
11302,90299;14627;Chevrolet;AVEO;LT Sedan 4D;Sedan;4;1,6;4;0;1;0;26447,66;9089
11615,02102;19014;Chevrolet;AVEO;LT Sedan 4D;Sedan;4;1,6;4;0;1;1;27177,99;11815
10805,13009;21013;Chevrolet;AVEO;LT Sedan 4D;Sedan;4;1,6;4;1;1;1;25282,92;13057
11169,91839;22380;Chevrolet;AVEO;LT Sedan 4D;Sedan;4;1,6;4;0;1;0;26136,49;13906
10770,10655;25065;Chevrolet;AVEO;LT Sedan 4D;Sedan;4;1,6;4;0;1;0;25200,97;15575
10872,01393;25869;Chevrolet;AVEO;LT Sedan 4D;Sedan;4;1,6;4;0;0;0;25439,43;16074
10921,94537;27776;Chevrolet;AVEO;LT Sedan 4D;Sedan;4;1,6;4;1;0;0;25556,26;17259
9919,048185;34621;Chevrolet;AVEO;LT Sedan 4D;Sedan;4;1,6;4;0;1;0;23209,58;21513
10813,34352;266;Chevrolet;AVEO;SVM Hatchback 4D;Hatchback;4;1,6;4;1;0;1;25302,14;165
11167,861;4716;Chevrolet;AVEO;SVM Hatchback 4D;Hatchback;4;1,6;4;1;1;0;26131,68;2930
10897,07651;6699;Chevrolet;AVEO;SVM Hatchback 4D;Hatchback;4;1,6;4;0;1;1;25498,07;4163
10106,01643;14200;Chevrolet;AVEO;SVM Hatchback 4D;Hatchback;4;1,6;4;1;0;0;23647,07;8823
10354,04385;14521;Chevrolet;AVEO;SVM Hatchback 4D;Hatchback;4;1,6;4;0;1;0;24227,43;9023
10287,97736;16521;Chevrolet;AVEO;SVM Hatchback 4D;Hatchback;4;1,6;4;1;1;1;24072,84;10266
9720,97889;20836;Chevrolet;AVEO;SVM Hatchback 4D;Hatchback;4;1,6;4;1;1;0;22746,12;12947
9506,047937;22169;Chevrolet;AVEO;SVM Hatchback 4D;Hatchback;4;1,6;4;0;0;1;22243,20;13775
9789,037676;22986;Chevrolet;AVEO;SVM Hatchback 4D;Hatchback;4;1,6;4;0;1;1;22905,37;14283
9220,829677;29992;Chevrolet;AVEO;SVM Hatchback 4D;Hatchback;4;1,6;4;1;0;1;21575,82;18636
10971,09561;7091;Chevrolet;AVEO;SVM Sedan 4D;Sedan;4;1,6;4;1;0;0;25671,27;4406
10315,01823;14438;Chevrolet;AVEO;SVM Sedan 4D;Sedan;4;1,6;4;0;0;1;24136,11;8971
9654,060142;19183;Chevrolet;AVEO;SVM Sedan 4D;Sedan;4;1,6;4;0;0;0;22589,54;11920
9563,789309;19273;Chevrolet;AVEO;SVM Sedan 4D;Sedan;4;1,6;4;1;1;0;22378,31;11976
9665,84886;19565;Chevrolet;AVEO;SVM Sedan 4D;Sedan;4;1,6;4;0;1;1;22617,12;12157
9482,219404;24842;Chevrolet;AVEO;SVM Sedan 4D;Sedan;4;1,6;4;1;0;0;22187,45;15436
8638,930895;25216;Chevrolet;AVEO;SVM Sedan 4D;Sedan;4;1,6;4;0;0;0;20214,23;15669
9041,906254;26191;Chevrolet;AVEO;SVM Sedan 4D;Sedan;4;1,6;4;0;0;1;21157,16;16274
8870,947316;32914;Chevrolet;AVEO;SVM Sedan 4D;Sedan;4;1,6;4;1;1;0;20757,13;20452
8768,998585;35299;Chevrolet;AVEO;SVM Sedan 4D;Sedan;4;1,6;4;0;0;0;20518,58;21934
13007,98418;7372;Chevrolet;Cavalier;Coupe 2D;Coupe;4;2,2;2;1;1;1;30437,38;4581
13041,874;13607;Chevrolet;Cavalier;Coupe 2D;Coupe;4;2,2;2;0;1;1;30516,68;8455
12045,9207;19136;Chevrolet;Cavalier;Coupe 2D;Coupe;4;2,2;2;0;1;1;28186,25;11891
12469,52758;19712;Chevrolet;Cavalier;Coupe 2D;Coupe;4;2,2;2;0;1;1;29177,45;12248
11539,84565;22405;Chevrolet;Cavalier;Coupe 2D;Coupe;4;2,2;2;0;1;1;27002,08;13922
11726,00297;23103;Chevrolet;Cavalier;Coupe 2D;Coupe;4;2,2;2;0;1;1;27437,67;14356
12207,87293;23512;Chevrolet;Cavalier;Coupe 2D;Coupe;4;2,2;2;1;1;1;28565,20;14610
11203,14611;27364;Chevrolet;Cavalier;Coupe 2D;Coupe;4;2,2;2;1;1;1;26214,24;17003
10788,97036;31436;Chevrolet;Cavalier;Coupe 2D;Coupe;4;2,2;2;1;1;1;25245,11;19533
11149,6183;34447;Chevrolet;Cavalier;Coupe 2D;Coupe;4;2,2;2;1;1;1;26088,99;21404
14584,44812;1160;Chevrolet;Cavalier;LS Coupe 2D;Coupe;4;2,2;2;1;1;1;34126,15;721
13681,698;10210;Chevrolet;Cavalier;LS Coupe 2D;Coupe;4;2,2;2;1;1;1;32013,81;6344
13446,21342;17741;Chevrolet;Cavalier;LS Coupe 2D;Coupe;4;2,2;2;0;1;1;31462,79;11024
12327,64161;19347;Chevrolet;Cavalier;LS Coupe 2D;Coupe;4;2,2;2;0;1;1;28845,45;12022
12274,95758;19612;Chevrolet;Cavalier;LS Coupe 2D;Coupe;4;2,2;2;1;1;1;28722,17;12186
12630,77503;22571;Chevrolet;Cavalier;LS Coupe 2D;Coupe;4;2,2;2;1;1;1;29554,75;14025
12425,38917;22771;Chevrolet;Cavalier;LS Coupe 2D;Coupe;4;2,2;2;0;1;1;29074,17;14149
12319,69625;24568;Chevrolet;Cavalier;LS Coupe 2D;Coupe;4;2,2;2;1;1;1;28826,86;15266
12549,89233;25816;Chevrolet;Cavalier;LS Coupe 2D;Coupe;4;2,2;2;0;1;1;29365,49;16041
12234,88805;30297;Chevrolet;Cavalier;LS Coupe 2D;Coupe;4;2,2;2;1;1;1;28628,41;18826
14894,98259;2464;Chevrolet;Cavalier;LS Sedan 4D;Sedan;4;2,2;4;0;1;1;34852,77;1531
14198,09246;11322;Chevrolet;Cavalier;LS Sedan 4D;Sedan;4;2,2;4;1;1;1;33222,12;7035
14678,10533;11488;Chevrolet;Cavalier;LS Sedan 4D;Sedan;4;2,2;4;1;1;1;34345,30;7138
13167,70232;14630;Chevrolet;Cavalier;LS Sedan 4D;Sedan;4;2,2;4;0;1;1;30811,11;9091
13471,00508;18910;Chevrolet;Cavalier;LS Sedan 4D;Sedan;4;2,2;4;1;1;1;31520,80;11750
12573,89994;25048;Chevrolet;Cavalier;LS Sedan 4D;Sedan;4;2,2;4;1;1;1;29421,67;15564
12383,40281;25069;Chevrolet;Cavalier;LS Sedan 4D;Sedan;4;2,2;4;1;1;1;28975,92;15577
13230,91867;25862;Chevrolet;Cavalier;LS Sedan 4D;Sedan;4;2,2;4;0;1;1;30959,03;16070
11080,51638;36855;Chevrolet;Cavalier;LS Sedan 4D;Sedan;4;2,2;4;0;1;1;25927,30;22901
11328,95887;39946;Chevrolet;Cavalier;LS Sedan 4D;Sedan;4;2,2;4;1;1;1;26508,63;24821
15053,93373;4652;Chevrolet;Cavalier;LS Sport Coupe 2D;Coupe;4;2,2;2;1;1;1;35224,70;2891
14397,92808;5189;Chevrolet;Cavalier;LS Sport Coupe 2D;Coupe;4;2,2;2;0;1;1;33689,71;3224
14642,32358;6224;Chevrolet;Cavalier;LS Sport Coupe 2D;Coupe;4;2,2;2;0;1;1;34261,57;3867
13464,80288;14231;Chevrolet;Cavalier;LS Sport Coupe 2D;Coupe;4;2,2;2;1;1;1;31506,29;8843
13678,863;17971;Chevrolet;Cavalier;LS Sport Coupe 2D;Coupe;4;2,2;2;1;1;1;32007,17;11167
12507,48527;19715;Chevrolet;Cavalier;LS Sport Coupe 2D;Coupe;4;2,2;2;1;1;1;29266,26;12250
13141,04795;19898;Chevrolet;Cavalier;LS Sport Coupe 2D;Coupe;4;2,2;2;1;1;1;30748,74;12364
13594,08559;20682;Chevrolet;Cavalier;LS Sport Coupe 2D;Coupe;4;2,2;2;1;1;1;31808,80;12851
12733,85792;21386;Chevrolet;Cavalier;LS Sport Coupe 2D;Coupe;4;2,2;2;1;1;1;29795,95;13289
12230,09977;28408;Chevrolet;Cavalier;LS Sport Coupe 2D;Coupe;4;2,2;2;0;1;1;28617,21;17652
14222,3054;8427;Chevrolet;Cavalier;LS Sport Sedan 4D;Sedan;4;2,2;4;0;1;1;33278,77;5236
14266,91258;8615;Chevrolet;Cavalier;LS Sport Sedan 4D;Sedan;4;2,2;4;0;1;1;33383,15;5353
14255,74768;16958;Chevrolet;Cavalier;LS Sport Sedan 4D;Sedan;4;2,2;4;0;1;1;33357,02;10537
13762,90145;18040;Chevrolet;Cavalier;LS Sport Sedan 4D;Sedan;4;2,2;4;1;1;1;32203,81;11210
14275,12764;18533;Chevrolet;Cavalier;LS Sport Sedan 4D;Sedan;4;2,2;4;1;1;1;33402,37;11516
13688,00011;18766;Chevrolet;Cavalier;LS Sport Sedan 4D;Sedan;4;2,2;4;1;1;1;32028,55;11661
13308,83375;20043;Chevrolet;Cavalier;LS Sport Sedan 4D;Sedan;4;2,2;4;0;1;1;31141,34;12454
14145,88099;20512;Chevrolet;Cavalier;LS Sport Sedan 4D;Sedan;4;2,2;4;1;1;1;33099,95;12746
12944,93875;21684;Chevrolet;Cavalier;LS Sport Sedan 4D;Sedan;4;2,2;4;0;1;1;30289,86;13474
12846,06159;27560;Chevrolet;Cavalier;LS Sport Sedan 4D;Sedan;4;2,2;4;1;1;1;30058,50;17125
14061,12277;4922;Chevrolet;Cavalier;Sedan 4D;Sedan;4;2,2;4;0;1;1;32901,62;3058
13072,84163;14311;Chevrolet;Cavalier;Sedan 4D;Sedan;4;2,2;4;0;1;1;30589,14;8892
11699,03392;19816;Chevrolet;Cavalier;Sedan 4D;Sedan;4;2,2;4;1;1;1;27374,57;12313
12257,16409;21492;Chevrolet;Cavalier;Sedan 4D;Sedan;4;2,2;4;1;1;1;28680,54;13355
11574,17381;21525;Chevrolet;Cavalier;Sedan 4D;Sedan;4;2,2;4;0;1;1;27082,41;13375
11539,04853;24163;Chevrolet;Cavalier;Sedan 4D;Sedan;4;2,2;4;0;1;1;27000,22;15014
12243,06062;25014;Chevrolet;Cavalier;Sedan 4D;Sedan;4;2,2;4;1;1;1;28647,54;15543
11671,85813;25727;Chevrolet;Cavalier;Sedan 4D;Sedan;4;2,2;4;1;1;1;27310,98;15986
11464,62886;29410;Chevrolet;Cavalier;Sedan 4D;Sedan;4;2,2;4;1;1;1;26826,09;18275
10546,78275;38866;Chevrolet;Cavalier;Sedan 4D;Sedan;4;2,2;4;1;1;1;24678,42;24150
15553,20871;7695;Chevrolet;Classic;Sedan 4D;Sedan;4;2,2;4;0;1;1;36392,95;4781
15047,00274;12305;Chevrolet;Classic;Sedan 4D;Sedan;4;2,2;4;1;1;1;35208,48;7646
13540,04164;17343;Chevrolet;Classic;Sedan 4D;Sedan;4;2,2;4;0;1;1;31682,34;10776
14077,96885;17445;Chevrolet;Classic;Sedan 4D;Sedan;4;2,2;4;0;1;1;32941,04;10840
12981,95203;20309;Chevrolet;Classic;Sedan 4D;Sedan;4;2,2;4;1;1;1;30376,47;12619
13436,00015;20530;Chevrolet;Classic;Sedan 4D;Sedan;4;2,2;4;0;1;1;31438,90;12757
13161,94283;21145;Chevrolet;Classic;Sedan 4D;Sedan;4;2,2;4;1;1;1;30797,63;13139
14220,01322;23069;Chevrolet;Classic;Sedan 4D;Sedan;4;2,2;4;1;1;1;33273,41;14334
12379,12647;31199;Chevrolet;Classic;Sedan 4D;Sedan;4;2,2;4;1;1;1;28965,92;19386
11581,90504;36566;Chevrolet;Classic;Sedan 4D;Sedan;4;2,2;4;0;1;1;27100,50;22721
14023,93855;13776;Chevrolet;Cobalt;Coupe 2D;Coupe;4;2,2;2;0;1;1;32814,61;8560
12810,91058;19461;Chevrolet;Cobalt;Coupe 2D;Coupe;4;2,2;2;1;1;1;29976,25;12093
13135,90503;21796;Chevrolet;Cobalt;Coupe 2D;Coupe;4;2,2;2;1;1;1;30736,70;13543
13106,90042;21910;Chevrolet;Cobalt;Coupe 2D;Coupe;4;2,2;2;0;1;1;30668,84;13614
12845,17425;22382;Chevrolet;Cobalt;Coupe 2D;Coupe;4;2,2;2;1;1;1;30056,42;13908
12570,13668;22479;Chevrolet;Cobalt;Coupe 2D;Coupe;4;2,2;2;0;1;1;29412,86;13968
12897,92954;23200;Chevrolet;Cobalt;Coupe 2D;Coupe;4;2,2;2;1;1;1;30179,87;14416
11961,61996;27394;Chevrolet;Cobalt;Coupe 2D;Coupe;4;2,2;2;1;1;1;27988,99;17022
12706,91135;27521;Chevrolet;Cobalt;Coupe 2D;Coupe;4;2,2;2;1;1;1;29732,90;17101
12487,05429;28492;Chevrolet;Cobalt;Coupe 2D;Coupe;4;2,2;2;0;1;1;29218,46;17704
15635,79616;1169;Chevrolet;Cobalt;LS Coupe 2D;Coupe;4;2,2;2;0;1;1;36586,20;726
15747,80397;6048;Chevrolet;Cobalt;LS Coupe 2D;Coupe;4;2,2;2;0;1;1;36848,29;3758
14619,07856;15768;Chevrolet;Cobalt;LS Coupe 2D;Coupe;4;2,2;2;1;1;1;34207,18;9798
14185,02155;20374;Chevrolet;Cobalt;LS Coupe 2D;Coupe;4;2,2;2;0;1;1;33191,53;12660
13699,03578;25845;Chevrolet;Cobalt;LS Coupe 2D;Coupe;4;2,2;2;1;1;1;32054,37;16059
13310,05959;26143;Chevrolet;Cobalt;LS Coupe 2D;Coupe;4;2,2;2;1;1;1;31144,21;16245
13530,06864;27249;Chevrolet;Cobalt;LS Coupe 2D;Coupe;4;2,2;2;1;1;1;31659,01;16932
13019,07114;27942;Chevrolet;Cobalt;LS Coupe 2D;Coupe;4;2,2;2;1;1;1;30463,32;17362
12684,98623;29891;Chevrolet;Cobalt;LS Coupe 2D;Coupe;4;2,2;2;1;1;1;29681,60;18573
12553,07143;32844;Chevrolet;Cobalt;LS Coupe 2D;Coupe;4;2,2;2;1;1;1;29372,93;20408
14997,88434;8880;Chevrolet;Cobalt;LS Sedan 4D;Sedan;4;2,2;4;0;1;1;35093,55;5518
14847,04415;12980;Chevrolet;Cobalt;LS Sedan 4D;Sedan;4;2,2;4;0;1;1;34740,60;8065
15128,99224;13828;Chevrolet;Cobalt;LS Sedan 4D;Sedan;4;2,2;4;1;1;1;35400,33;8592
15000,99271;14504;Chevrolet;Cobalt;LS Sedan 4D;Sedan;4;2,2;4;0;1;1;35100,82;9012
14593,8541;18790;Chevrolet;Cobalt;LS Sedan 4D;Sedan;4;2,2;4;0;1;1;34148,16;11676
14304,74104;21128;Chevrolet;Cobalt;LS Sedan 4D;Sedan;4;2,2;4;0;1;1;33471,66;13128
13688,94568;21611;Chevrolet;Cobalt;LS Sedan 4D;Sedan;4;2,2;4;1;1;1;32030,76;13428
13744,84985;23748;Chevrolet;Cobalt;LS Sedan 4D;Sedan;4;2,2;4;0;1;1;32161,57;14756
13545,0309;27431;Chevrolet;Cobalt;LS Sedan 4D;Sedan;4;2,2;4;0;1;1;31694,02;17045
12741,19023;34815;Chevrolet;Cobalt;LS Sedan 4D;Sedan;4;2,2;4;0;1;1;29813,11;21633
16116,84392;865;Chevrolet;Cobalt;LT Sedan 4D;Sedan;4;2,2;4;1;1;1;37711,80;537
16428,57898;9882;Chevrolet;Cobalt;LT Sedan 4D;Sedan;4;2,2;4;0;1;1;38441,23;6140
15084,8154;14824;Chevrolet;Cobalt;LT Sedan 4D;Sedan;4;2,2;4;1;1;1;35296,96;9211
15163,16986;17158;Chevrolet;Cobalt;LT Sedan 4D;Sedan;4;2,2;4;1;1;1;35480,30;10662
14897,04055;18210;Chevrolet;Cobalt;LT Sedan 4D;Sedan;4;2,2;4;1;1;1;34857,59;11315
14508,75009;18910;Chevrolet;Cobalt;LT Sedan 4D;Sedan;4;2,2;4;0;1;1;33949,02;11750
14418,16529;19818;Chevrolet;Cobalt;LT Sedan 4D;Sedan;4;2,2;4;0;1;1;33737,06;12314
14191,88228;21181;Chevrolet;Cobalt;LT Sedan 4D;Sedan;4;2,2;4;1;1;1;33207,59;13161
14401,90693;21527;Chevrolet;Cobalt;LT Sedan 4D;Sedan;4;2,2;4;0;1;1;33699,02;13376
14175,87908;21627;Chevrolet;Cobalt;LT Sedan 4D;Sedan;4;2,2;4;0;1;1;33170,14;13438
14429,78964;6114;Chevrolet;Cobalt;Sedan 4D;Sedan;4;2,2;4;1;1;1;33764,26;3799
14696,02899;6709;Chevrolet;Cobalt;Sedan 4D;Sedan;4;2,2;4;1;1;1;34387,24;4169
14582,76912;7115;Chevrolet;Cobalt;Sedan 4D;Sedan;4;2,2;4;1;1;1;34122,22;4421
14194,8236;9561;Chevrolet;Cobalt;Sedan 4D;Sedan;4;2,2;4;0;1;1;33214,47;5941
14072,13523;15233;Chevrolet;Cobalt;Sedan 4D;Sedan;4;2,2;4;0;1;1;32927,39;9465
13994,90646;17270;Chevrolet;Cobalt;Sedan 4D;Sedan;4;2,2;4;0;1;1;32746,68;10731
13830,24902;17594;Chevrolet;Cobalt;Sedan 4D;Sedan;4;2,2;4;0;1;1;32361,40;10932
13159,82154;22740;Chevrolet;Cobalt;Sedan 4D;Sedan;4;2,2;4;1;1;1;30792,67;14130
12495,97075;26204;Chevrolet;Cobalt;Sedan 4D;Sedan;4;2,2;4;0;1;1;29239,32;16282
12678,85397;28683;Chevrolet;Cobalt;Sedan 4D;Sedan;4;2,2;4;0;1;1;29667,25;17823
46732,60603;3625;Chevrolet;Corvette;Conv 2D;Convertible;8;6;2;1;1;1;109349,62;2252
47065,20991;5239;Chevrolet;Corvette;Conv 2D;Convertible;8;6;2;1;1;1;110127,88;3255
44749,68679;12115;Chevrolet;Corvette;Conv 2D;Convertible;8;6;2;1;0;1;104709,79;7528
42773,02839;14546;Chevrolet;Corvette;Conv 2D;Convertible;8;6;2;1;1;1;100084,61;9038
41371,37927;20000;Chevrolet;Corvette;Conv 2D;Convertible;8;6;2;1;0;1;96804,89;12427
39547,5879;23826;Chevrolet;Corvette;Conv 2D;Convertible;8;6;2;1;1;1;92537,40;14805
39691,7274;25169;Chevrolet;Corvette;Conv 2D;Convertible;8;6;2;1;1;1;92874,67;15639
38824,86909;25960;Chevrolet;Corvette;Conv 2D;Convertible;8;6;2;1;0;1;90846,31;16131
36970,89805;30502;Chevrolet;Corvette;Conv 2D;Convertible;8;6;2;1;1;1;86508,20;18953
37288,93674;32039;Chevrolet;Corvette;Conv 2D;Convertible;8;6;2;1;1;1;87252,38;19908
39875,85426;7054;Chevrolet;Corvette;Coupe 2D;Coupe;8;6;2;1;0;1;93305,51;4383
39713,66792;8967;Chevrolet;Corvette;Coupe 2D;Coupe;8;6;2;1;1;1;92926,01;5572
38990,60733;9410;Chevrolet;Corvette;Coupe 2D;Coupe;8;6;2;1;1;1;91234,12;5847
39092,18992;10717;Chevrolet;Corvette;Coupe 2D;Coupe;8;6;2;1;1;1;91471,82;6659
39365,88324;11619;Chevrolet;Corvette;Coupe 2D;Coupe;8;6;2;1;1;1;92112,23;7220
35261,43643;21350;Chevrolet;Corvette;Coupe 2D;Coupe;8;6;2;1;1;1;82508,24;13266
35575,41705;22740;Chevrolet;Corvette;Coupe 2D;Coupe;8;6;2;1;0;1;83242,92;14130
34297,30535;24259;Chevrolet;Corvette;Coupe 2D;Coupe;8;6;2;1;0;1;80252,26;15074
34739,21496;25747;Chevrolet;Corvette;Coupe 2D;Coupe;8;6;2;1;0;1;81286,29;15998
31186,74146;34191;Chevrolet;Corvette;Coupe 2D;Coupe;8;6;2;1;0;1;72973,86;21245
21757,04951;1853;Chevrolet;Impala;LS Sedan 4D;Sedan;6;3,8;4;1;0;0;50909,32;1151
19528,10043;14115;Chevrolet;Impala;LS Sedan 4D;Sedan;6;3,8;4;1;1;0;45693,80;8771
19075,67875;18198;Chevrolet;Impala;LS Sedan 4D;Sedan;6;3,8;4;1;0;1;44635,18;11308
19409,75261;18795;Chevrolet;Impala;LS Sedan 4D;Sedan;6;3,8;4;1;1;1;45416,88;11679
18527,20897;19874;Chevrolet;Impala;LS Sedan 4D;Sedan;6;3,8;4;1;1;0;43351,82;12349
18912,9816;21512;Chevrolet;Impala;LS Sedan 4D;Sedan;6;3,8;4;1;1;0;44254,49;13367
17839,80077;25453;Chevrolet;Impala;LS Sedan 4D;Sedan;6;3,8;4;1;0;1;41743,35;15816
17789,34673;26980;Chevrolet;Impala;LS Sedan 4D;Sedan;6;3,8;4;1;1;0;41625,29;16765
17294,181;29368;Chevrolet;Impala;LS Sedan 4D;Sedan;6;3,8;4;1;1;0;40466,65;18248
18083,3963;29420;Chevrolet;Impala;LS Sedan 4D;Sedan;6;3,8;4;1;1;1;42313,34;18281
20021,19521;1787;Chevrolet;Impala;Sedan 4D;Sedan;6;3,8;4;1;0;0;46847,59;1110
18835,18976;8211;Chevrolet;Impala;Sedan 4D;Sedan;6;3,8;4;1;0;1;44072,46;5102
18727,50838;14054;Chevrolet;Impala;Sedan 4D;Sedan;6;3,8;4;1;1;1;43820,50;8733
16805,05739;19498;Chevrolet;Impala;Sedan 4D;Sedan;6;3,8;4;1;0;0;39322,15;12116
17154,57646;21567;Chevrolet;Impala;Sedan 4D;Sedan;6;3,8;4;1;0;1;40139,99;13401
16644,08787;22383;Chevrolet;Impala;Sedan 4D;Sedan;6;3,8;4;1;1;1;38945,50;13908
15951,81117;26070;Chevrolet;Impala;Sedan 4D;Sedan;6;3,8;4;1;1;1;37325,64;16199
16508,59069;27460;Chevrolet;Impala;Sedan 4D;Sedan;6;3,8;4;1;1;1;38628,45;17063
15832,51835;31202;Chevrolet;Impala;Sedan 4D;Sedan;6;3,8;4;1;1;1;37046,51;19388
15554,28313;33357;Chevrolet;Impala;Sedan 4D;Sedan;6;3,8;4;1;1;1;36395,47;20727
25948,96259;636;Chevrolet;Impala;SS Sedan 4D;Sedan;6;3,8;4;1;0;0;60717,98;395
27714,05025;5379;Chevrolet;Impala;SS Sedan 4D;Sedan;6;3,8;4;1;1;0;64848,11;3342
25097,47325;14461;Chevrolet;Impala;SS Sedan 4D;Sedan;6;3,8;4;1;1;1;58725,58;8986
24809,04232;16111;Chevrolet;Impala;SS Sedan 4D;Sedan;6;3,8;4;1;0;0;58050,68;10011
23345,32907;22964;Chevrolet;Impala;SS Sedan 4D;Sedan;6;3,8;4;1;1;1;54625,74;14269
22894,43868;26272;Chevrolet;Impala;SS Sedan 4D;Sedan;6;3,8;4;1;1;1;53570,70;16325
22064,29219;27384;Chevrolet;Impala;SS Sedan 4D;Sedan;6;3,8;4;1;1;1;51628,24;17016
23151,54614;27940;Chevrolet;Impala;SS Sedan 4D;Sedan;6;3,8;4;1;0;0;54172,30;17361
22120,75776;28242;Chevrolet;Impala;SS Sedan 4D;Sedan;6;3,8;4;1;1;1;51760,36;17549
20294,57682;33892;Chevrolet;Impala;SS Sedan 4D;Sedan;6;3,8;4;1;0;0;47487,28;21060
18957,89004;5936;Chevrolet;Malibu;LS MAXX Hback 4D;Hatchback;6;3,5;4;0;1;1;44359,57;3688
18950,90698;8687;Chevrolet;Malibu;LS MAXX Hback 4D;Hatchback;6;3,5;4;0;1;1;44343,23;5398
17891,63378;17020;Chevrolet;Malibu;LS MAXX Hback 4D;Hatchback;6;3,5;4;0;1;1;41864,63;10576
17801,22953;19386;Chevrolet;Malibu;LS MAXX Hback 4D;Hatchback;6;3,5;4;1;1;1;41653,10;12046
16723,99388;19740;Chevrolet;Malibu;LS MAXX Hback 4D;Hatchback;6;3,5;4;1;1;1;39132,47;12266
16744,03025;21829;Chevrolet;Malibu;LS MAXX Hback 4D;Hatchback;6;3,5;4;0;1;1;39179,36;13564
16825,19088;23460;Chevrolet;Malibu;LS MAXX Hback 4D;Hatchback;6;3,5;4;0;1;1;39369,26;14577
16543,98014;24583;Chevrolet;Malibu;LS MAXX Hback 4D;Hatchback;6;3,5;4;0;1;1;38711,26;15275
16143,95729;26532;Chevrolet;Malibu;LS MAXX Hback 4D;Hatchback;6;3,5;4;1;1;1;37775,25;16486
14914,20128;33906;Chevrolet;Malibu;LS MAXX Hback 4D;Hatchback;6;3,5;4;0;1;1;34897,74;21068
19164,61063;1480;Chevrolet;Malibu;LS Sedan 4D;Sedan;6;3,5;4;1;1;1;44843,27;920
18800,9589;7961;Chevrolet;Malibu;LS Sedan 4D;Sedan;6;3,5;4;0;1;1;43992,36;4947
17458,22153;15144;Chevrolet;Malibu;LS Sedan 4D;Sedan;6;3,5;4;1;1;1;40850,49;9410
17158,922;21417;Chevrolet;Malibu;LS Sedan 4D;Sedan;6;3,5;4;0;1;1;40150,16;13308
16472,89765;21675;Chevrolet;Malibu;LS Sedan 4D;Sedan;6;3,5;4;1;1;1;38544,93;13468
16993,78033;23621;Chevrolet;Malibu;LS Sedan 4D;Sedan;6;3,5;4;0;1;1;39763,75;14677
16300,46524;25697;Chevrolet;Malibu;LS Sedan 4D;Sedan;6;3,5;4;1;1;1;38141,46;15967
15623,20027;27476;Chevrolet;Malibu;LS Sedan 4D;Sedan;6;3,5;4;0;1;1;36556,73;17073
15138,40082;32462;Chevrolet;Malibu;LS Sedan 4D;Sedan;6;3,5;4;0;1;1;35422,34;20171
15233,15987;32535;Chevrolet;Malibu;LS Sedan 4D;Sedan;6;3,5;4;0;1;1;35644,07;20216
19471,97485;6608;Chevrolet;Malibu;LT MAXX Hback 4D;Hatchback;6;3,5;4;1;1;1;45562,47;4106
18009,84603;15190;Chevrolet;Malibu;LT MAXX Hback 4D;Hatchback;6;3,5;4;0;1;1;42141,24;9439
18273,00613;16335;Chevrolet;Malibu;LT MAXX Hback 4D;Hatchback;6;3,5;4;0;1;1;42757,01;10150
18311,7563;17441;Chevrolet;Malibu;LT MAXX Hback 4D;Hatchback;6;3,5;4;0;1;1;42847,68;10837
17553,75368;18451;Chevrolet;Malibu;LT MAXX Hback 4D;Hatchback;6;3,5;4;0;1;1;41074,03;11465
18004,87041;18771;Chevrolet;Malibu;LT MAXX Hback 4D;Hatchback;6;3,5;4;0;1;1;42129,60;11664
17663,22495;19490;Chevrolet;Malibu;LT MAXX Hback 4D;Hatchback;6;3,5;4;1;1;1;41330,18;12111
17115,12203;24461;Chevrolet;Malibu;LT MAXX Hback 4D;Hatchback;6;3,5;4;0;1;1;40047,67;15199
16988,30306;24905;Chevrolet;Malibu;LT MAXX Hback 4D;Hatchback;6;3,5;4;1;1;1;39750,93;15475
16803,12275;25874;Chevrolet;Malibu;LT MAXX Hback 4D;Hatchback;6;3,5;4;1;1;1;39317,63;16077
19446,88294;932;Chevrolet;Malibu;LT Sedan 4D;Sedan;6;3,5;4;0;1;1;45503,76;579
17119,45757;18277;Chevrolet;Malibu;LT Sedan 4D;Sedan;6;3,5;4;1;1;1;40057,82;11357
17316,0966;19593;Chevrolet;Malibu;LT Sedan 4D;Sedan;6;3,5;4;1;1;1;40517,93;12175
16860,87078;19883;Chevrolet;Malibu;LT Sedan 4D;Sedan;6;3,5;4;1;1;1;39452,75;12355
17312,90715;21420;Chevrolet;Malibu;LT Sedan 4D;Sedan;6;3,5;4;1;1;1;40510,47;13310
16403,25363;23133;Chevrolet;Malibu;LT Sedan 4D;Sedan;6;3,5;4;1;1;1;38381,97;14374
16536,74388;24218;Chevrolet;Malibu;LT Sedan 4D;Sedan;6;3,5;4;1;1;1;38694,33;15048
16341,8041;25394;Chevrolet;Malibu;LT Sedan 4D;Sedan;6;3,5;4;0;1;1;38238,19;15779
16713,98469;26328;Chevrolet;Malibu;LT Sedan 4D;Sedan;6;3,5;4;1;1;1;39109,05;16360
16295,21144;28239;Chevrolet;Malibu;LT Sedan 4D;Sedan;6;3,5;4;0;1;1;38129,17;17547
18974,92203;5632;Chevrolet;Malibu;MAXX Hback 4D;Hatchback;6;3,5;4;0;1;1;44399,42;3500
18324,83193;7397;Chevrolet;Malibu;MAXX Hback 4D;Hatchback;6;3,5;4;1;1;1;42878,27;4596
19581,23141;7645;Chevrolet;Malibu;MAXX Hback 4D;Hatchback;6;3,5;4;0;1;1;45818,12;4750
18169,37548;14754;Chevrolet;Malibu;MAXX Hback 4D;Hatchback;6;3,5;4;0;1;1;42514,52;9168
17986,22409;17488;Chevrolet;Malibu;MAXX Hback 4D;Hatchback;6;3,5;4;0;1;1;42085,97;10867
17173,94232;18721;Chevrolet;Malibu;MAXX Hback 4D;Hatchback;6;3,5;4;0;1;1;40185,31;11633
16456,97464;20200;Chevrolet;Malibu;MAXX Hback 4D;Hatchback;6;3,5;4;0;1;1;38507,67;12552
16267,09489;21452;Chevrolet;Malibu;MAXX Hback 4D;Hatchback;6;3,5;4;0;1;1;38063,38;13330
16860,09433;22841;Chevrolet;Malibu;MAXX Hback 4D;Hatchback;6;3,5;4;1;1;1;39450,93;14193
16027,28649;22889;Chevrolet;Malibu;MAXX Hback 4D;Hatchback;6;3,5;4;0;1;1;37502,25;14223
17089,91883;8732;Chevrolet;Malibu;Sedan 4D;Sedan;6;3,5;4;0;1;1;39988,70;5426
17463,04608;11393;Chevrolet;Malibu;Sedan 4D;Sedan;6;3,5;4;1;1;1;40861,78;7079
17218,68575;14579;Chevrolet;Malibu;Sedan 4D;Sedan;6;3,5;4;1;1;1;40290,00;9059
17162,47826;15903;Chevrolet;Malibu;Sedan 4D;Sedan;6;3,5;4;0;1;1;40158,48;9882
16507,07027;17451;Chevrolet;Malibu;Sedan 4D;Sedan;6;3,5;4;0;1;1;38624,89;10844
16752,5144;18562;Chevrolet;Malibu;Sedan 4D;Sedan;6;3,5;4;1;1;1;39199,21;11534
16646,7708;20154;Chevrolet;Malibu;Sedan 4D;Sedan;6;3,5;4;0;1;1;38951,78;12523
15623,91976;21272;Chevrolet;Malibu;Sedan 4D;Sedan;6;3,5;4;1;1;1;36558,41;13218
15664,6249;25787;Chevrolet;Malibu;Sedan 4D;Sedan;6;3,5;4;1;1;1;36653,66;16023
15680,86443;25956;Chevrolet;Malibu;Sedan 4D;Sedan;6;3,5;4;0;1;1;36691,65;16128
18800,0931;5827;Chevrolet;Monte Carlo;LS Coupe 2D;Coupe;6;3,8;2;1;0;0;43990,34;3621
18910,80429;8345;Chevrolet;Monte Carlo;LS Coupe 2D;Coupe;6;3,8;2;1;0;1;44249,39;5185
19177,41206;10414;Chevrolet;Monte Carlo;LS Coupe 2D;Coupe;6;3,8;2;1;1;0;44873,23;6471
18040,14401;11647;Chevrolet;Monte Carlo;LS Coupe 2D;Coupe;6;3,8;2;1;0;1;42212,13;7237
17685,20099;15898;Chevrolet;Monte Carlo;LS Coupe 2D;Coupe;6;3,8;2;1;0;0;41381,60;9879
17515,39759;18602;Chevrolet;Monte Carlo;LS Coupe 2D;Coupe;6;3,8;2;1;0;0;40984,28;11559
16357,99232;23491;Chevrolet;Monte Carlo;LS Coupe 2D;Coupe;6;3,8;2;1;1;0;38276,07;14597
16345,94375;25931;Chevrolet;Monte Carlo;LS Coupe 2D;Coupe;6;3,8;2;1;1;0;38247,87;16113
15797,19576;26700;Chevrolet;Monte Carlo;LS Coupe 2D;Coupe;6;3,8;2;1;1;0;36963,86;16591
15503,5088;33345;Chevrolet;Monte Carlo;LS Coupe 2D;Coupe;6;3,8;2;1;0;0;36276,66;20720
21745,02944;7065;Chevrolet;Monte Carlo;LT Coupe 2D;Coupe;6;3,8;2;1;1;0;50881,19;4390
21725,01075;13457;Chevrolet;Monte Carlo;LT Coupe 2D;Coupe;6;3,8;2;1;1;0;50834,35;8362
22384,11869;14788;Chevrolet;Monte Carlo;LT Coupe 2D;Coupe;6;3,8;2;1;1;1;52376,60;9189
20537,14172;16950;Chevrolet;Monte Carlo;LT Coupe 2D;Coupe;6;3,8;2;1;0;0;48054,86;10532
21233,91136;17337;Chevrolet;Monte Carlo;LT Coupe 2D;Coupe;6;3,8;2;1;1;1;49685,23;10773
20676,16551;18021;Chevrolet;Monte Carlo;LT Coupe 2D;Coupe;6;3,8;2;1;0;1;48380,16;11198
20839,14997;22152;Chevrolet;Monte Carlo;LT Coupe 2D;Coupe;6;3,8;2;1;1;1;48761,53;13765
20017,96843;22729;Chevrolet;Monte Carlo;LT Coupe 2D;Coupe;6;3,8;2;1;0;0;46840,04;14123
18876,87065;27218;Chevrolet;Monte Carlo;LT Coupe 2D;Coupe;6;3,8;2;1;1;0;44169,99;16913
17586,92858;39049;Chevrolet;Monte Carlo;LT Coupe 2D;Coupe;6;3,8;2;1;0;1;41151,65;24264
23573,822;12466;Chevrolet;Monte Carlo;SS Coupe 2D;Coupe;6;3,8;2;1;1;0;55160,39;7746
23527,7285;14948;Chevrolet;Monte Carlo;SS Coupe 2D;Coupe;6;3,8;2;1;1;0;55052,53;9288
22113,62802;21992;Chevrolet;Monte Carlo;SS Coupe 2D;Coupe;6;3,8;2;1;1;0;51743,68;13665
22470,35843;22626;Chevrolet;Monte Carlo;SS Coupe 2D;Coupe;6;3,8;2;1;1;0;52578,39;14059
20619,11401;24067;Chevrolet;Monte Carlo;SS Coupe 2D;Coupe;6;3,8;2;1;0;0;48246,66;14955
20047,95136;24665;Chevrolet;Monte Carlo;SS Coupe 2D;Coupe;6;3,8;2;1;1;0;46910,20;15326
21525,33901;25020;Chevrolet;Monte Carlo;SS Coupe 2D;Coupe;6;3,8;2;1;1;1;50367,14;15547
20382,15031;25240;Chevrolet;Monte Carlo;SS Coupe 2D;Coupe;6;3,8;2;1;1;1;47692,19;15683
21020,83678;25550;Chevrolet;Monte Carlo;SS Coupe 2D;Coupe;6;3,8;2;1;1;1;49186,66;15876
20221,80881;26223;Chevrolet;Monte Carlo;SS Coupe 2D;Coupe;6;3,8;2;1;1;1;47317,01;16294
25452,47385;11892;Pontiac;Bonneville;GXP Sedan 4D;Sedan;8;4,6;4;1;0;1;59556,24;7389
23449,30633;17273;Pontiac;Bonneville;GXP Sedan 4D;Sedan;8;4,6;4;1;0;1;54869,03;10733
23578,16486;19148;Pontiac;Bonneville;GXP Sedan 4D;Sedan;8;4,6;4;1;0;1;55170,55;11898
22525,26972;19521;Pontiac;Bonneville;GXP Sedan 4D;Sedan;8;4,6;4;1;1;1;52706,88;12130
21982,64771;20472;Pontiac;Bonneville;GXP Sedan 4D;Sedan;8;4,6;4;1;1;1;51437,20;12721
22231,56315;21929;Pontiac;Bonneville;GXP Sedan 4D;Sedan;8;4,6;4;1;1;1;52019,63;13626
22189,11597;25651;Pontiac;Bonneville;GXP Sedan 4D;Sedan;8;4,6;4;1;0;1;51920,31;15939
21765,06658;25794;Pontiac;Bonneville;GXP Sedan 4D;Sedan;8;4,6;4;1;0;1;50928,08;16028
21403,75642;27168;Pontiac;Bonneville;GXP Sedan 4D;Sedan;8;4,6;4;1;0;1;50082,65;16881
21200,69021;31197;Pontiac;Bonneville;GXP Sedan 4D;Sedan;8;4,6;4;1;1;1;49607,50;19385
19682,03501;11554;Pontiac;Bonneville;SE Sedan 4D;Sedan;6;3,8;4;1;0;1;46053,99;7179
18678,41412;16496;Pontiac;Bonneville;SE Sedan 4D;Sedan;6;3,8;4;1;1;0;43705,62;10250
20318,89097;17583;Pontiac;Bonneville;SE Sedan 4D;Sedan;6;3,8;4;1;1;0;47544,17;10926
20127,04418;18419;Pontiac;Bonneville;SE Sedan 4D;Sedan;6;3,8;4;1;1;1;47095,27;11445
19751,04143;20510;Pontiac;Bonneville;SE Sedan 4D;Sedan;6;3,8;4;1;0;1;46215,46;12744
17844,73077;21121;Pontiac;Bonneville;SE Sedan 4D;Sedan;6;3,8;4;1;1;0;41754,89;13124
18856,01869;22423;Pontiac;Bonneville;SE Sedan 4D;Sedan;6;3,8;4;1;1;0;44121,20;13933
18566,0707;24747;Pontiac;Bonneville;SE Sedan 4D;Sedan;6;3,8;4;1;1;1;43442,75;15377
18063,00491;27574;Pontiac;Bonneville;SE Sedan 4D;Sedan;6;3,8;4;1;0;0;42265,63;17134
17768,05951;28385;Pontiac;Bonneville;SE Sedan 4D;Sedan;6;3,8;4;1;1;1;41575,48;17638
23197,43679;2295;Pontiac;Bonneville;SLE Sedan 4D;Sedan;6;3,8;4;1;1;1;54279,68;1426
23102,02237;5653;Pontiac;Bonneville;SLE Sedan 4D;Sedan;6;3,8;4;1;0;0;54056,42;3513
22460,53;8928;Pontiac;Bonneville;SLE Sedan 4D;Sedan;6;3,8;4;1;0;1;52555,39;5548
21607,77257;11069;Pontiac;Bonneville;SLE Sedan 4D;Sedan;6;3,8;4;1;0;1;50560,03;6878
22004,93044;15516;Pontiac;Bonneville;SLE Sedan 4D;Sedan;6;3,8;4;1;1;1;51489,34;9641
20830,9943;19419;Pontiac;Bonneville;SLE Sedan 4D;Sedan;6;3,8;4;1;1;0;48742,44;12066
20109,90412;22891;Pontiac;Bonneville;SLE Sedan 4D;Sedan;6;3,8;4;1;1;1;47055,16;14224
19116,13109;26252;Pontiac;Bonneville;SLE Sedan 4D;Sedan;6;3,8;4;1;0;1;44729,84;16312
19689,74084;27077;Pontiac;Bonneville;SLE Sedan 4D;Sedan;6;3,8;4;1;1;0;46072,02;16825
19338,376;27966;Pontiac;Bonneville;SLE Sedan 4D;Sedan;6;3,8;4;1;0;1;45249,87;17377
21903,32262;4537;Pontiac;G6;GT Sedan 4D;Sedan;6;3,5;4;1;1;0;51251,58;2819
22736,83447;5690;Pontiac;G6;GT Sedan 4D;Sedan;6;3,5;4;1;1;1;53201,92;3536
22104,97357;9049;Pontiac;G6;GT Sedan 4D;Sedan;6;3,5;4;1;1;1;51723,43;5623
22311,04951;11221;Pontiac;G6;GT Sedan 4D;Sedan;6;3,5;4;1;1;1;52205,62;6972
21875,09763;12313;Pontiac;G6;GT Sedan 4D;Sedan;6;3,5;4;1;0;1;51185,54;7651
20627,66169;20770;Pontiac;G6;GT Sedan 4D;Sedan;6;3,5;4;1;1;1;48266,67;12906
19540,24479;22628;Pontiac;G6;GT Sedan 4D;Sedan;6;3,5;4;1;1;0;45722,22;14060
19204,80934;26477;Pontiac;G6;GT Sedan 4D;Sedan;6;3,5;4;1;0;1;44937,33;16452
18158,08313;28354;Pontiac;G6;GT Sedan 4D;Sedan;6;3,5;4;1;0;0;42488,10;17618
18529,34212;30063;Pontiac;G6;GT Sedan 4D;Sedan;6;3,5;4;1;0;1;43356,81;18680
21383,06716;7287;Pontiac;G6;Sedan 4D;Sedan;6;3,5;4;1;1;1;50034,24;4528
20452,66947;10338;Pontiac;G6;Sedan 4D;Sedan;6;3,5;4;1;0;0;47857,20;6424
20677,59382;11204;Pontiac;G6;Sedan 4D;Sedan;6;3,5;4;1;1;0;48383,50;6962
19294,7875;19539;Pontiac;G6;Sedan 4D;Sedan;6;3,5;4;1;0;0;45147,87;12141
18548,97859;20870;Pontiac;G6;Sedan 4D;Sedan;6;3,5;4;1;0;0;43402,76;12968
18042,22107;21702;Pontiac;G6;Sedan 4D;Sedan;6;3,5;4;1;0;0;42216,99;13485
18620,87137;25516;Pontiac;G6;Sedan 4D;Sedan;6;3,5;4;1;0;1;43570,98;15855
17023,93687;30404;Pontiac;G6;Sedan 4D;Sedan;6;3,5;4;1;0;0;39834,31;18892
16216,98071;35624;Pontiac;G6;Sedan 4D;Sedan;6;3,5;4;1;1;0;37946,11;22136
15792,83144;41566;Pontiac;G6;Sedan 4D;Sedan;6;3,5;4;1;1;1;36953,65;25828
17360,81064;881;Pontiac;Grand Am;GT Coupe 2D;Coupe;6;3,4;2;0;1;1;40622,56;547
17675,83749;5131;Pontiac;Grand Am;GT Coupe 2D;Coupe;6;3,4;2;0;1;1;41359,69;3188
17141,94116;6761;Pontiac;Grand Am;GT Coupe 2D;Coupe;6;3,4;2;1;1;1;40110,43;4201
17202,83406;9380;Pontiac;Grand Am;GT Coupe 2D;Coupe;6;3,4;2;0;1;1;40252,91;5828
16792,67953;12071;Pontiac;Grand Am;GT Coupe 2D;Coupe;6;3,4;2;1;1;1;39293,19;7501
15595,88413;18315;Pontiac;Grand Am;GT Coupe 2D;Coupe;6;3,4;2;0;1;1;36492,81;11380
15253,86857;20917;Pontiac;Grand Am;GT Coupe 2D;Coupe;6;3,4;2;1;1;1;35692,53;12997
15594,80684;22414;Pontiac;Grand Am;GT Coupe 2D;Coupe;6;3,4;2;0;1;1;36490,29;13927
15059,13408;22641;Pontiac;Grand Am;GT Coupe 2D;Coupe;6;3,4;2;1;1;1;35236,87;14069
14703,13687;23335;Pontiac;Grand Am;GT Coupe 2D;Coupe;6;3,4;2;0;1;1;34403,87;14500
15979,01484;3946;Pontiac;Grand Am;SE Sedan 4D;Sedan;4;2,2;4;1;1;1;37389,30;2452
16379,853;4188;Pontiac;Grand Am;SE Sedan 4D;Sedan;4;2,2;4;1;1;1;38327,22;2602
15327,10032;4318;Pontiac;Grand Am;SE Sedan 4D;Sedan;4;2,2;4;0;1;1;35863,88;2683
15846,01271;5350;Pontiac;Grand Am;SE Sedan 4D;Sedan;4;2,2;4;0;1;1;37078,09;3324
15604,14582;5788;Pontiac;Grand Am;SE Sedan 4D;Sedan;4;2,2;4;1;1;1;36512,14;3597
14841,91705;12420;Pontiac;Grand Am;SE Sedan 4D;Sedan;4;2,2;4;0;1;1;34728,60;7717
15077,17584;13262;Pontiac;Grand Am;SE Sedan 4D;Sedan;4;2,2;4;0;1;1;35279,08;8241
13961,11164;19602;Pontiac;Grand Am;SE Sedan 4D;Sedan;4;2,2;4;0;1;1;32667,61;12180
13034,06853;23976;Pontiac;Grand Am;SE Sedan 4D;Sedan;4;2,2;4;0;1;1;30498,42;14898
13162,85205;24542;Pontiac;Grand Am;SE Sedan 4D;Sedan;4;2,2;4;0;1;1;30799,76;15250
18254,92277;16554;Pontiac;Grand Prix;GT Sedan 4D;Sedan;6;3,8;4;1;1;1;42714,69;10286
17095,03522;18720;Pontiac;Grand Prix;GT Sedan 4D;Sedan;6;3,8;4;1;0;0;40000,67;11632
17162,87344;20829;Pontiac;Grand Prix;GT Sedan 4D;Sedan;6;3,8;4;1;0;0;40159,41;12943
16391,17171;21304;Pontiac;Grand Prix;GT Sedan 4D;Sedan;6;3,8;4;1;1;0;38353,70;13238
15788,10478;25295;Pontiac;Grand Prix;GT Sedan 4D;Sedan;6;3,8;4;1;1;0;36942,59;15718
16569,14124;25777;Pontiac;Grand Prix;GT Sedan 4D;Sedan;6;3,8;4;1;0;0;38770,13;16017
16997,69374;25830;Pontiac;Grand Prix;GT Sedan 4D;Sedan;6;3,8;4;1;0;1;39772,90;16050
16283,95899;26511;Pontiac;Grand Prix;GT Sedan 4D;Sedan;6;3,8;4;1;0;1;38102,84;16473
15457,17059;29925;Pontiac;Grand Prix;GT Sedan 4D;Sedan;6;3,8;4;1;1;0;36168,23;18595
14963,04562;31471;Pontiac;Grand Prix;GT Sedan 4D;Sedan;6;3,8;4;1;1;0;35012,03;19555
21230,97799;11229;Pontiac;Grand Prix;GTP Sedan 4D;Sedan;6;3,8;4;1;1;0;49678,37;6977
22100,39317;12314;Pontiac;Grand Prix;GTP Sedan 4D;Sedan;6;3,8;4;1;1;0;51712,71;7652
21300,01945;12772;Pontiac;Grand Prix;GTP Sedan 4D;Sedan;6;3,8;4;1;1;0;49839,92;7936
21281,88049;17417;Pontiac;Grand Prix;GTP Sedan 4D;Sedan;6;3,8;4;1;1;1;49797,47;10822
19646,71748;21132;Pontiac;Grand Prix;GTP Sedan 4D;Sedan;6;3,8;4;1;1;1;45971,35;13131
20173,90633;21211;Pontiac;Grand Prix;GTP Sedan 4D;Sedan;6;3,8;4;1;0;1;47204,92;13180
18701,22262;24992;Pontiac;Grand Prix;GTP Sedan 4D;Sedan;6;3,8;4;1;0;0;43758,99;15529
19423,16502;25557;Pontiac;Grand Prix;GTP Sedan 4D;Sedan;6;3,8;4;1;0;1;45448,26;15880
19956,75841;26028;Pontiac;Grand Prix;GTP Sedan 4D;Sedan;6;3,8;4;1;1;0;46696,82;16173
19448,22633;27721;Pontiac;Grand Prix;GTP Sedan 4D;Sedan;6;3,8;4;1;0;1;45506,90;17225
19822,11539;1592;Pontiac;Grand Prix;Sedan 4D;Sedan;6;3,8;4;1;1;0;46381,77;989
19567,25929;2189;Pontiac;Grand Prix;Sedan 4D;Sedan;6;3,8;4;1;1;1;45785,43;1360
16853,10785;17959;Pontiac;Grand Prix;Sedan 4D;Sedan;6;3,8;4;1;0;0;39434,59;11159
16516,95555;20751;Pontiac;Grand Prix;Sedan 4D;Sedan;6;3,8;4;1;1;1;38648,02;12894
15979,01484;21974;Pontiac;Grand Prix;Sedan 4D;Sedan;6;3,8;4;1;0;0;37389,30;13654
16256,23617;22637;Pontiac;Grand Prix;Sedan 4D;Sedan;6;3,8;4;1;0;0;38037,97;14066
15724,25217;23989;Pontiac;Grand Prix;Sedan 4D;Sedan;6;3,8;4;1;0;0;36793,18;14906
15967,2454;25598;Pontiac;Grand Prix;Sedan 4D;Sedan;6;3,8;4;1;0;0;37361,76;15906
16041,68559;27800;Pontiac;Grand Prix;Sedan 4D;Sedan;6;3,8;4;1;1;0;37535,94;17274
15756,14613;29325;Pontiac;Grand Prix;Sedan 4D;Sedan;6;3,8;4;1;1;0;36867,81;18222
32422,76138;9185;Pontiac;GTO;Coupe 2D;Coupe;8;5,7;2;1;1;1;75866,02;5707
32219,58928;10915;Pontiac;GTO;Coupe 2D;Coupe;8;5,7;2;1;1;1;75390,62;6782
31024,87211;13678;Pontiac;GTO;Coupe 2D;Coupe;8;5,7;2;1;1;1;72595,10;8499
29595,79429;16193;Pontiac;GTO;Coupe 2D;Coupe;8;5,7;2;1;0;1;69251,20;10062
29664,70269;21418;Pontiac;GTO;Coupe 2D;Coupe;8;5,7;2;1;0;1;69412,44;13309
27425,84391;23886;Pontiac;GTO;Coupe 2D;Coupe;8;5,7;2;1;0;1;64173,73;14842
27370,95811;24960;Pontiac;GTO;Coupe 2D;Coupe;8;5,7;2;1;1;1;64045,30;15509
27548,62961;26126;Pontiac;GTO;Coupe 2D;Coupe;8;5,7;2;1;1;1;64461,04;16234
28502,30611;27199;Pontiac;GTO;Coupe 2D;Coupe;8;5,7;2;1;1;1;66692,55;16901
25527,01303;36480;Pontiac;GTO;Coupe 2D;Coupe;8;5,7;2;1;1;1;59730,66;22668
13160,12456;13145;Pontiac;Sunfire;Coupe 2D;Coupe;4;2,2;2;0;1;1;30793,38;8168
12830,09878;17830;Pontiac;Sunfire;Coupe 2D;Coupe;4;2,2;2;1;1;1;30021,15;11079
12828,03098;19081;Pontiac;Sunfire;Coupe 2D;Coupe;4;2,2;2;1;1;1;30016,31;11856
12878,04683;19225;Pontiac;Sunfire;Coupe 2D;Coupe;4;2,2;2;1;1;1;30133,34;11946
12832,46239;20618;Pontiac;Sunfire;Coupe 2D;Coupe;4;2,2;2;1;1;1;30026,68;12811
12464,07346;21891;Pontiac;Sunfire;Coupe 2D;Coupe;4;2,2;2;1;1;1;29164,69;13602
12465,50852;23931;Pontiac;Sunfire;Coupe 2D;Coupe;4;2,2;2;0;1;1;29168,04;14870
12258,85759;24318;Pontiac;Sunfire;Coupe 2D;Coupe;4;2,2;2;1;1;1;28684,50;15111
11903,09775;25285;Pontiac;Sunfire;Coupe 2D;Coupe;4;2,2;2;0;1;1;27852,06;15711
12209,55962;26097;Pontiac;Sunfire;Coupe 2D;Coupe;4;2,2;2;0;1;1;28569,15;16216
16391,92657;18096;Pontiac;Vibe;AWD Sportwagon 4D;Wagon;4;1,8;4;1;1;0;38355,47;11244
16033,93062;18391;Pontiac;Vibe;AWD Sportwagon 4D;Wagon;4;1,8;4;0;1;1;37517,79;11428
16106,82722;19465;Pontiac;Vibe;AWD Sportwagon 4D;Wagon;4;1,8;4;1;0;0;37688,37;12095
16551,21957;19531;Pontiac;Vibe;AWD Sportwagon 4D;Wagon;4;1,8;4;1;1;1;38728,20;12136
17325,26954;19894;Pontiac;Vibe;AWD Sportwagon 4D;Wagon;4;1,8;4;1;0;0;40539,40;12362
16078,66549;22779;Pontiac;Vibe;AWD Sportwagon 4D;Wagon;4;1,8;4;0;0;1;37622,47;14154
15297,83597;23062;Pontiac;Vibe;AWD Sportwagon 4D;Wagon;4;1,8;4;0;0;0;35795,41;14330
15505,29381;24239;Pontiac;Vibe;AWD Sportwagon 4D;Wagon;4;1,8;4;1;0;0;36280,84;15061
15174,34661;27887;Pontiac;Vibe;AWD Sportwagon 4D;Wagon;4;1,8;4;0;0;0;35506,45;17328
14546,88481;33374;Pontiac;Vibe;AWD Sportwagon 4D;Wagon;4;1,8;4;0;1;1;34038,26;20738
17803,27909;12303;Pontiac;Vibe;GT Sportwagon;Wagon;4;1,8;4;1;1;1;41657,89;7645
16353,09652;16078;Pontiac;Vibe;GT Sportwagon;Wagon;4;1,8;4;0;1;0;38264,61;9990
15977,91108;17053;Pontiac;Vibe;GT Sportwagon;Wagon;4;1,8;4;0;0;1;37386,71;10596
15568,97424;18206;Pontiac;Vibe;GT Sportwagon;Wagon;4;1,8;4;0;0;0;36429,84;11313
15589,78048;21307;Pontiac;Vibe;GT Sportwagon;Wagon;4;1,8;4;0;0;0;36478,53;13240
15730,04627;21391;Pontiac;Vibe;GT Sportwagon;Wagon;4;1,8;4;0;1;1;36806,74;13292
15802,65286;21461;Pontiac;Vibe;GT Sportwagon;Wagon;4;1,8;4;0;0;0;36976,63;13335
15086,89959;27438;Pontiac;Vibe;GT Sportwagon;Wagon;4;1,8;4;0;0;1;35301,84;17049
14396,27056;31424;Pontiac;Vibe;GT Sportwagon;Wagon;4;1,8;4;0;0;0;33685,83;19526
14869,28207;31791;Pontiac;Vibe;GT Sportwagon;Wagon;4;1,8;4;1;1;1;34792,63;19754
16927,77976;2973;Pontiac;Vibe;Sportwagon 4D;Wagon;4;1,8;4;0;0;0;39609,31;1847
17418,06873;4463;Pontiac;Vibe;Sportwagon 4D;Wagon;4;1,8;4;1;0;1;40756,54;2773
16379,0987;8754;Pontiac;Vibe;Sportwagon 4D;Wagon;4;1,8;4;0;1;0;38325,45;5439
16706,67407;9150;Pontiac;Vibe;Sportwagon 4D;Wagon;4;1,8;4;0;0;0;39091,95;5686
17214,32508;12610;Pontiac;Vibe;Sportwagon 4D;Wagon;4;1,8;4;1;1;1;40279,80;7836
15821,94972;14304;Pontiac;Vibe;Sportwagon 4D;Wagon;4;1,8;4;0;0;1;37021,78;8888
14398,92269;21688;Pontiac;Vibe;Sportwagon 4D;Wagon;4;1,8;4;0;0;0;33692,04;13476
15622,1211;23217;Pontiac;Vibe;Sportwagon 4D;Wagon;4;1,8;4;1;1;1;36554,20;14426
14909,05099;23323;Pontiac;Vibe;Sportwagon 4D;Wagon;4;1,8;4;0;1;1;34885,69;14492
14853,19901;24270;Pontiac;Vibe;Sportwagon 4D;Wagon;4;1,8;4;0;0;0;34755,00;15081
35622,1395;10340;SAAB;9_3;Linear Conv 2D;Convertible;4;2;2;1;1;0;83352,24;6425
34819,29712;12251;SAAB;9_3;Linear Conv 2D;Convertible;4;2;2;1;0;0;81473,67;7612
34355,00373;17711;SAAB;9_3;Linear Conv 2D;Convertible;4;2;2;1;1;0;80387,27;11005
32737,08455;19112;SAAB;9_3;Linear Conv 2D;Convertible;4;2;2;1;1;1;76601,50;11876
33540,53611;20925;SAAB;9_3;Linear Conv 2D;Convertible;4;2;2;1;0;1;78481,50;13002
31970,54208;21208;SAAB;9_3;Linear Conv 2D;Convertible;4;2;2;1;1;0;74807,87;13178
33287,4096;21661;SAAB;9_3;Linear Conv 2D;Convertible;4;2;2;1;0;1;77889,21;13460
32075,98487;23553;SAAB;9_3;Linear Conv 2D;Convertible;4;2;2;1;1;0;75054,60;14635
31969,06981;24559;SAAB;9_3;Linear Conv 2D;Convertible;4;2;2;1;0;0;74804,43;15260
27666,23108;35157;SAAB;9_3;Linear Conv 2D;Convertible;4;2;2;1;0;0;64736,21;21846
29246,23734;3907;SAAB;9_3;Linear Sedan 4D;Sedan;4;2;4;1;0;1;68433,27;2428
26337,8306;16068;SAAB;9_3;Linear Sedan 4D;Sedan;4;2;4;1;0;0;61627,89;9984
26775,03209;16688;SAAB;9_3;Linear Sedan 4D;Sedan;4;2;4;1;0;0;62650,90;10369
25299,96964;19569;SAAB;9_3;Linear Sedan 4D;Sedan;4;2;4;1;1;0;59199,40;12160
24896,5976;21266;SAAB;9_3;Linear Sedan 4D;Sedan;4;2;4;1;1;0;58255,55;13214
25996,8064;21433;SAAB;9_3;Linear Sedan 4D;Sedan;4;2;4;1;1;1;60829,93;13318
24801,61719;26345;SAAB;9_3;Linear Sedan 4D;Sedan;4;2;4;1;1;1;58033,30;16370
24063,01268;27674;SAAB;9_3;Linear Sedan 4D;Sedan;4;2;4;1;1;1;56305,04;17196
23249,84169;27686;SAAB;9_3;Linear Sedan 4D;Sedan;4;2;4;1;0;0;54402,30;17203
22244,87655;50387;SAAB;9_3;Linear Sedan 4D;Sedan;4;2;4;1;0;1;52050,79;31309
37088,56241;3828;SAAB;9_3 HO;Aero Conv 2D;Convertible;4;2;2;1;1;1;86783,53;2379
33381,81915;17381;SAAB;9_3 HO;Aero Conv 2D;Convertible;4;2;2;1;1;1;78110,12;10800
33358,76777;17590;SAAB;9_3 HO;Aero Conv 2D;Convertible;4;2;2;1;1;1;78056,18;10930
33586,90609;18930;SAAB;9_3 HO;Aero Conv 2D;Convertible;4;2;2;1;0;1;78590,00;11763
30731,94165;22479;SAAB;9_3 HO;Aero Conv 2D;Convertible;4;2;2;1;0;0;71909,67;13968
30315,16944;23635;SAAB;9_3 HO;Aero Conv 2D;Convertible;4;2;2;1;0;0;70934,46;14686
30166,85251;25049;SAAB;9_3 HO;Aero Conv 2D;Convertible;4;2;2;1;0;0;70587,42;15565
30251,01842;27558;SAAB;9_3 HO;Aero Conv 2D;Convertible;4;2;2;1;0;1;70784,36;17124
29142,71439;31655;SAAB;9_3 HO;Aero Conv 2D;Convertible;4;2;2;1;1;1;68191,04;19670
29612,15405;32477;SAAB;9_3 HO;Aero Conv 2D;Convertible;4;2;2;1;1;1;69289,48;20180
26841,08084;10003;SAAB;9_3 HO;Aero Sedan 4D;Sedan;4;2;4;1;1;0;62805,45;6216
27825,94997;10014;SAAB;9_3 HO;Aero Sedan 4D;Sedan;4;2;4;1;0;1;65109,94;6222
27284,75133;14281;SAAB;9_3 HO;Aero Sedan 4D;Sedan;4;2;4;1;1;1;63843,59;8874
27060,13756;17319;SAAB;9_3 HO;Aero Sedan 4D;Sedan;4;2;4;1;0;1;63318,02;10762
25618,28188;20208;SAAB;9_3 HO;Aero Sedan 4D;Sedan;4;2;4;1;0;1;59944,22;12557
25790,51414;21160;SAAB;9_3 HO;Aero Sedan 4D;Sedan;4;2;4;1;1;1;60347,22;13148
25148,37919;22272;SAAB;9_3 HO;Aero Sedan 4D;Sedan;4;2;4;1;1;1;58844,69;13839
24852,49528;22814;SAAB;9_3 HO;Aero Sedan 4D;Sedan;4;2;4;1;1;1;58152,35;14176
24173,52588;27015;SAAB;9_3 HO;Aero Sedan 4D;Sedan;4;2;4;1;0;0;56563,63;16786
23733,40225;27600;SAAB;9_3 HO;Aero Sedan 4D;Sedan;4;2;4;1;1;0;55533,79;17150
38324,80908;12090;SAAB;9_3 HO;Arc Conv 2D;Convertible;4;2;2;1;1;1;89676,22;7512
38167,17358;13162;SAAB;9_3 HO;Arc Conv 2D;Convertible;4;2;2;1;0;1;89307,37;8179
37383,50349;16088;SAAB;9_3 HO;Arc Conv 2D;Convertible;4;2;2;1;0;1;87473,66;9997
36338,75133;18195;SAAB;9_3 HO;Arc Conv 2D;Convertible;4;2;2;1;1;0;85029,04;11306
35580,33231;21167;SAAB;9_3 HO;Arc Conv 2D;Convertible;4;2;2;1;1;0;83254,42;13153
35304,4947;21293;SAAB;9_3 HO;Arc Conv 2D;Convertible;4;2;2;1;0;1;82608,99;13231
34392,99527;24031;SAAB;9_3 HO;Arc Conv 2D;Convertible;4;2;2;1;0;1;80476,17;14932
33984,43077;25420;SAAB;9_3 HO;Arc Conv 2D;Convertible;4;2;2;1;0;0;79520,17;15795
33248,34252;27051;SAAB;9_3 HO;Arc Conv 2D;Convertible;4;2;2;1;0;1;77797,80;16809
28777,95969;48991;SAAB;9_3 HO;Arc Conv 2D;Convertible;4;2;2;1;1;1;67337,55;30442
32197,34047;3867;SAAB;9_3 HO;Arc Sedan 4D;Sedan;4;2;4;1;1;0;75338,56;2403
32053,09716;5144;SAAB;9_3 HO;Arc Sedan 4D;Sedan;4;2;4;1;1;0;75001,04;3196
30274,71058;10800;SAAB;9_3 HO;Arc Sedan 4D;Sedan;4;2;4;1;1;0;70839,80;6711
30353,58555;11273;SAAB;9_3 HO;Arc Sedan 4D;Sedan;4;2;4;1;1;0;71024,35;7005
30122,42974;14568;SAAB;9_3 HO;Arc Sedan 4D;Sedan;4;2;4;1;1;1;70483,47;9052
26789,83261;22189;SAAB;9_3 HO;Arc Sedan 4D;Sedan;4;2;4;1;0;0;62685,53;13788
28291,76226;22328;SAAB;9_3 HO;Arc Sedan 4D;Sedan;4;2;4;1;1;0;66199,89;13874
27109,40589;22598;SAAB;9_3 HO;Arc Sedan 4D;Sedan;4;2;4;1;0;1;63433,30;14042
27256,49451;26400;SAAB;9_3 HO;Arc Sedan 4D;Sedan;4;2;4;1;1;0;63777,47;16404
25267,36768;34175;SAAB;9_3 HO;Arc Sedan 4D;Sedan;4;2;4;1;1;0;59123,11;21235
35033,21545;1676;SAAB;9_5;Arc Sedan 4D;Sedan;4;2,3;4;1;1;1;81974,22;1041
32746,13139;7924;SAAB;9_5;Arc Sedan 4D;Sedan;4;2,3;4;1;0;1;76622,67;4924
33183,3326;9795;SAAB;9_5;Arc Sedan 4D;Sedan;4;2,3;4;1;1;1;77645,68;6086
31002,73442;15087;SAAB;9_5;Arc Sedan 4D;Sedan;4;2,3;4;1;1;1;72543,30;9375
30075,99473;22052;SAAB;9_5;Arc Sedan 4D;Sedan;4;2,3;4;1;1;1;70374,82;13703
29844,204;23143;SAAB;9_5;Arc Sedan 4D;Sedan;4;2,3;4;1;1;1;69832,45;14380
28432,82421;25247;SAAB;9_5;Arc Sedan 4D;Sedan;4;2,3;4;1;1;1;66529,97;15688
28054,98236;26276;SAAB;9_5;Arc Sedan 4D;Sedan;4;2,3;4;1;1;1;65645,85;16327
28502,96241;28598;SAAB;9_5;Arc Sedan 4D;Sedan;4;2,3;4;1;1;1;66694,08;17770
24912,08058;38717;SAAB;9_5;Arc Sedan 4D;Sedan;4;2,3;4;1;0;1;58291,78;24058
31849,30795;16956;SAAB;9_5;Arc Wagon 4D;Wagon;4;2,3;4;1;0;1;74524,20;10536
32649,76051;16975;SAAB;9_5;Arc Wagon 4D;Wagon;4;2,3;4;1;1;1;76397,17;10548
29961,25494;20015;SAAB;9_5;Arc Wagon 4D;Wagon;4;2,3;4;1;1;1;70106,34;12437
31554,40533;20103;SAAB;9_5;Arc Wagon 4D;Wagon;4;2,3;4;1;1;1;73834,15;12491
29914,37958;22105;SAAB;9_5;Arc Wagon 4D;Wagon;4;2,3;4;1;0;1;69996,66;13735
30575,24882;22298;SAAB;9_5;Arc Wagon 4D;Wagon;4;2,3;4;1;1;1;71543,02;13855
30271,9223;23426;SAAB;9_5;Arc Wagon 4D;Wagon;4;2,3;4;1;1;1;70833,27;14556
28678,07525;25380;SAAB;9_5;Arc Wagon 4D;Wagon;4;2,3;4;1;0;1;67103,83;15770
28829,028;26503;SAAB;9_5;Arc Wagon 4D;Wagon;4;2,3;4;1;0;1;67457,04;16468
26955,0412;31773;SAAB;9_5;Arc Wagon 4D;Wagon;4;2,3;4;1;0;1;63072,10;19743
33005,77996;6409;SAAB;9_5;Linear Wagon 4D;Wagon;4;2,3;4;1;1;1;77230,22;3982
30661,26015;14278;SAAB;9_5;Linear Wagon 4D;Wagon;4;2,3;4;1;0;1;71744,28;8872
30443,8799;15050;SAAB;9_5;Linear Wagon 4D;Wagon;4;2,3;4;1;0;1;71235,63;9352
30322,15057;16225;SAAB;9_5;Linear Wagon 4D;Wagon;4;2,3;4;1;1;1;70950,80;10082
31153,00896;17317;SAAB;9_5;Linear Wagon 4D;Wagon;4;2,3;4;1;0;1;72894,93;10760
31084,93761;18187;SAAB;9_5;Linear Wagon 4D;Wagon;4;2,3;4;1;1;1;72735,65;11301
31156,59579;18805;SAAB;9_5;Linear Wagon 4D;Wagon;4;2,3;4;1;1;1;72903,32;11685
29114,54451;21960;SAAB;9_5;Linear Wagon 4D;Wagon;4;2,3;4;1;0;1;68125,12;13645
25845,20611;36557;SAAB;9_5;Linear Wagon 4D;Wagon;4;2,3;4;1;1;1;60475,20;22716
24903,47774;40719;SAAB;9_5;Linear Wagon 4D;Wagon;4;2,3;4;1;1;1;58271,65;25302
30800,65839;8017;SAAB;9_5 HO;Aero Sedan 4D;Sedan;4;2,3;4;1;0;1;72070,46;4982
28416,46167;14613;SAAB;9_5 HO;Aero Sedan 4D;Sedan;4;2,3;4;1;0;1;66491,68;9080
28185,77625;19854;SAAB;9_5 HO;Aero Sedan 4D;Sedan;4;2,3;4;1;1;1;65951,90;12337
28204,60358;22021;SAAB;9_5 HO;Aero Sedan 4D;Sedan;4;2,3;4;1;1;1;65995,95;13683
26653,23939;22590;SAAB;9_5 HO;Aero Sedan 4D;Sedan;4;2,3;4;1;1;1;62365,91;14037
27610,8642;22881;SAAB;9_5 HO;Aero Sedan 4D;Sedan;4;2,3;4;1;1;1;64606,66;14218
26698,07815;23055;SAAB;9_5 HO;Aero Sedan 4D;Sedan;4;2,3;4;1;1;1;62470,83;14326
27241,43618;23204;SAAB;9_5 HO;Aero Sedan 4D;Sedan;4;2,3;4;1;1;1;63742,24;14418
27703,204;24738;SAAB;9_5 HO;Aero Sedan 4D;Sedan;4;2,3;4;1;1;1;64822,73;15372
24405,06676;31344;SAAB;9_5 HO;Aero Sedan 4D;Sedan;4;2,3;4;1;1;1;57105,42;19476
30959,93213;17673;SAAB;9_5 HO;Aero Wagon 4D;Wagon;4;2,3;4;1;1;1;72443,15;10982
29986,7915;18464;SAAB;9_5 HO;Aero Wagon 4D;Wagon;4;2,3;4;1;0;1;70166,09;11473
29908,18098;19830;SAAB;9_5 HO;Aero Wagon 4D;Wagon;4;2,3;4;1;1;1;69982,15;12322
28328,26654;20685;SAAB;9_5 HO;Aero Wagon 4D;Wagon;4;2,3;4;1;0;1;66285,31;12853
29197,7913;20907;SAAB;9_5 HO;Aero Wagon 4D;Wagon;4;2,3;4;1;0;1;68319,91;12991
29321,08251;21545;SAAB;9_5 HO;Aero Wagon 4D;Wagon;4;2,3;4;1;0;1;68608,40;13387
29481,52876;21822;SAAB;9_5 HO;Aero Wagon 4D;Wagon;4;2,3;4;1;1;1;68983,83;13560
26792,30016;25357;SAAB;9_5 HO;Aero Wagon 4D;Wagon;4;2,3;4;1;0;1;62691,30;15756
27788,81324;26786;SAAB;9_5 HO;Aero Wagon 4D;Wagon;4;2,3;4;1;0;1;65023,04;16644
26012,37462;34269;SAAB;9_5 HO;Aero Wagon 4D;Wagon;4;2,3;4;1;1;1;60866,36;21294
27280,98206;4836;SAAB;9-2X AWD;Linear Wagon 4D;Wagon;4;2,5;4;1;1;0;63834,77;3005
25959,12203;17431;SAAB;9-2X AWD;Linear Wagon 4D;Wagon;4;2,5;4;1;0;1;60741,75;10831
23274,48071;21616;SAAB;9-2X AWD;Linear Wagon 4D;Wagon;4;2,5;4;1;1;0;54459,96;13432
23329,20826;25218;SAAB;9-2X AWD;Linear Wagon 4D;Wagon;4;2,5;4;1;0;1;54588,01;15670
16916,86954;2879;Saturn;Ion;Quad Coupe 2D;Coupe;4;2,2;2;1;0;1;39583,78;1789
15639,03674;8507;Saturn;Ion;Quad Coupe 2D;Coupe;4;2,2;2;1;0;0;36593,78;5286
16256,23617;10555;Saturn;Ion;Quad Coupe 2D;Coupe;4;2,2;2;0;0;1;38037,97;6559
15395,01087;12920;Saturn;Ion;Quad Coupe 2D;Coupe;4;2,2;2;1;0;0;36022,79;8028
14881,95545;14376;Saturn;Ion;Quad Coupe 2D;Coupe;4;2,2;2;0;0;0;34822,29;8933
15277,06759;16951;Saturn;Ion;Quad Coupe 2D;Coupe;4;2,2;2;0;1;0;35746,81;10533
14702,79832;17656;Saturn;Ion;Quad Coupe 2D;Coupe;4;2,2;2;1;1;0;34403,08;10971
15033,15032;19455;Saturn;Ion;Quad Coupe 2D;Coupe;4;2,2;2;0;0;1;35176,07;12089
13991,04006;21020;Saturn;Ion;Quad Coupe 2D;Coupe;4;2,2;2;0;1;0;32737,63;13061
14771,00346;22255;Saturn;Ion;Quad Coupe 2D;Coupe;4;2,2;2;1;0;1;34562,67;13829
13719,23831;23645;Saturn;Ion;Quad Coupe 2D;Coupe;4;2,2;2;0;0;0;32101,65;14692
13869,15494;24349;Saturn;Ion;Quad Coupe 2D;Coupe;4;2,2;2;1;1;0;32452,44;15130
13518,23525;25981;Saturn;Ion;Quad Coupe 2D;Coupe;4;2,2;2;1;1;0;31631,32;16144
13825,15471;26034;Saturn;Ion;Quad Coupe 2D;Coupe;4;2,2;2;0;0;1;32349,48;16177
13811,15502;26236;Saturn;Ion;Quad Coupe 2D;Coupe;4;2,2;2;0;1;1;32316,72;16302
14077,96885;26788;Saturn;Ion;Quad Coupe 2D;Coupe;4;2,2;2;0;0;1;32941,04;16645
14411,85885;26986;Saturn;Ion;Quad Coupe 2D;Coupe;4;2,2;2;1;0;1;33722,31;16768
13600,03418;27231;Saturn;Ion;Quad Coupe 2D;Coupe;4;2,2;2;0;1;0;31822,72;16921
13032,8681;30108;Saturn;Ion;Quad Coupe 2D;Coupe;4;2,2;2;1;1;1;30495,61;18708
11539,04853;38958;Saturn;Ion;Quad Coupe 2D;Coupe;4;2,2;2;0;0;0;27000,22;24207
14739,06724;1737;Saturn;Ion;Sedan 4D;Sedan;4;2,2;4;0;0;1;34487,94;1079
15110,1926;2392;Saturn;Ion;Sedan 4D;Sedan;4;2,2;4;1;1;0;35356,34;1486
14202,99715;11836;Saturn;Ion;Sedan 4D;Sedan;4;2,2;4;0;0;0;33233,59;7355
15194,97535;12412;Saturn;Ion;Sedan 4D;Sedan;4;2,2;4;0;0;1;35554,72;7712
14116,92151;12878;Saturn;Ion;Sedan 4D;Sedan;4;2,2;4;1;0;0;33032,18;8002
13174,07101;13318;Saturn;Ion;Sedan 4D;Sedan;4;2,2;4;0;0;1;30826,01;8275
13258,36589;14938;Saturn;Ion;Sedan 4D;Sedan;4;2,2;4;1;1;1;31023,25;9282
12791,75109;16163;Saturn;Ion;Sedan 4D;Sedan;4;2,2;4;0;0;1;29931,42;10043
12293,05996;17139;Saturn;Ion;Sedan 4D;Sedan;4;2,2;4;1;0;1;28764,53;10650
13998,12928;18257;Saturn;Ion;Sedan 4D;Sedan;4;2,2;4;0;1;1;32754,22;11344
14568,00225;18511;Saturn;Ion;Sedan 4D;Sedan;4;2,2;4;0;1;1;34087,67;11502
13122,90546;19101;Saturn;Ion;Sedan 4D;Sedan;4;2,2;4;0;1;1;30706,29;11869
13494,28878;19500;Saturn;Ion;Sedan 4D;Sedan;4;2,2;4;1;0;1;31575,29;12117
12036,21675;19853;Saturn;Ion;Sedan 4D;Sedan;4;2,2;4;0;1;1;28163,54;12336
12162,14005;21770;Saturn;Ion;Sedan 4D;Sedan;4;2,2;4;0;1;0;28458,19;13527
12333,60399;21877;Saturn;Ion;Sedan 4D;Sedan;4;2,2;4;0;0;0;28859,40;13594
12099,01458;22758;Saturn;Ion;Sedan 4D;Sedan;4;2,2;4;1;1;0;28310,48;14141
12119,0897;22826;Saturn;Ion;Sedan 4D;Sedan;4;2,2;4;0;0;1;28357,46;14183
11679,92355;23388;Saturn;Ion;Sedan 4D;Sedan;4;2,2;4;0;0;0;27329,85;14533
13216,91205;24069;Saturn;Ion;Sedan 4D;Sedan;4;2,2;4;0;1;0;30926,25;14956
12412,52111;24664;Saturn;Ion;Sedan 4D;Sedan;4;2,2;4;0;1;1;29044,06;15326
12284,28829;24740;Saturn;Ion;Sedan 4D;Sedan;4;2,2;4;1;1;0;28744,01;15373
12594,18301;26328;Saturn;Ion;Sedan 4D;Sedan;4;2,2;4;0;0;1;29469,13;16360
12105,98134;28298;Saturn;Ion;Sedan 4D;Sedan;4;2,2;4;0;1;0;28326,79;17584
11873,53399;28398;Saturn;Ion;Sedan 4D;Sedan;4;2,2;4;0;0;0;27782,88;17646
12965,22327;29707;Saturn;Ion;Sedan 4D;Sedan;4;2,2;4;0;1;1;30337,33;18459
10563,06616;32458;Saturn;Ion;Sedan 4D;Sedan;4;2,2;4;0;0;0;24716,52;20169
11413,5304;32619;Saturn;Ion;Sedan 4D;Sedan;4;2,2;4;1;0;1;26706,52;20269
11504,82455;33962;Saturn;Ion;Sedan 4D;Sedan;4;2,2;4;0;0;0;26920,14;21103
11521,52589;34998;Saturn;Ion;Sedan 4D;Sedan;4;2,2;4;0;1;1;26959,22;21747
18173,97808;5826;Saturn;L Series;L300 Sedan 4D;Sedan;6;3;4;1;1;1;42525,29;3620
18490,98303;7755;Saturn;L Series;L300 Sedan 4D;Sedan;6;3;4;1;1;1;43267,05;4819
17322,0784;10102;Saturn;L Series;L300 Sedan 4D;Sedan;6;3;4;1;0;1;40531,93;6277
17978,357;10986;Saturn;L Series;L300 Sedan 4D;Sedan;6;3;4;1;0;0;42067,56;6826
16425,1748;14242;Saturn;L Series;L300 Sedan 4D;Sedan;6;3;4;1;0;0;38433,27;8850
16507,07027;16229;Saturn;L Series;L300 Sedan 4D;Sedan;6;3;4;1;0;0;38624,89;10084
16175,9576;19095;Saturn;L Series;L300 Sedan 4D;Sedan;6;3;4;1;1;0;37850,12;11865
15731,1329;20484;Saturn;L Series;L300 Sedan 4D;Sedan;6;3;4;1;1;0;36809,28;12728
15118,89323;25979;Saturn;L Series;L300 Sedan 4D;Sedan;6;3;4;1;1;0;35376,70;16143
13585,6368;35662;Saturn;L Series;L300 Sedan 4D;Sedan;6;3;4;1;0;0;31789,03;22159
